{
  "title": "Screenshot_۲۰۲۴-۰۸-۱۶-۰۱-۵۰-۰۹-۴۱۷_crypto.bitcoin.ethereum.litecoin.cloud.mining.eth.btc.ltc.hash.pool.cloud_mining.jpg",
  "description": "",
  "imageViews": "1",
  "creationTime": {
    "timestamp": "1726527706",
    "formatted": "۲۶ شهریور ۱۴۰۳، ۲۳:۰۱:۴۶ (UTC)"
  },
  "photoTakenTime": {
    "timestamp": "1723760409",
    "formatted": "۲۵ مرداد ۱۴۰۳، ۲۲:۲۰:۰۹ (UTC)"
  },
  "geoData": {
    "latitude": 0.0,
    "longitude": 0.0,
    "altitude": 0.0,
    "latitudeSpan": 0.0,
    "longitudeSpan": 0.0
  },
  "geoDataExif": {
    "latitude": 0.0,
    "longitude": 0.0,
    "altitude": 0.0,
    "latitudeSpan": 0.0,
    "longitudeSpan": 0.0
  },
  "trashed": true,
  "url": "https://photos.google.com/photo/AF1QipMgUgDw-llueCWemkp8fliCBfItWpkGU7hQlxrP"
}