{
  "title": "Screenshot_۲۰۲۴-۰۸-۱۶-۰۲-۲۸-۲۲-۴۴۶_com.google.android.gms.jpg",
  "description": "",
  "imageViews": "2",
  "creationTime": {
    "timestamp": "1726527719",
    "formatted": "۲۶ شهریور ۱۴۰۳، ۲۳:۰۱:۵۹ (UTC)"
  },
  "photoTakenTime": {
    "timestamp": "1723762702",
    "formatted": "۲۵ مرداد ۱۴۰۳، ۲۲:۵۸:۲۲ (UTC)"
  },
  "geoData": {
    "latitude": 0.0,
    "longitude": 0.0,
    "altitude": 0.0,
    "latitudeSpan": 0.0,
    "longitudeSpan": 0.0
  },
  "geoDataExif": {
    "latitude": 0.0,
    "longitude": 0.0,
    "altitude": 0.0,
    "latitudeSpan": 0.0,
    "longitudeSpan": 0.0
  },
  "trashed": true,
  "url": "https://photos.google.com/photo/AF1QipOtFg4bb6hqpCEvaxLo6exZmDb2b3sgt_8FPnlP"
}