[{
  "device": {
    "mostRecentData": {
      "carrierName": "Irancell",
      "playStoreClientVersion": 84251520,
      "manufacturer": "Xiaomi",
      "modelName": "211033MI",
      "deviceName": "angelicain",
      "productName": "angelicain_in",
      "retailBrand": "POCO",
      "totalMemoryBytes": "3963805696",
      "nativePlatform": ["armeabi-v7a", "armeabi"],
      "deviceIpCountry": "NL",
      "userLocale": "fa_IR",
      "buildFingerprint": "POCO/angelicain_in/angelicain:10/QP1A.190711.020/V12.0.10.0.QCRINRF:user/release-keys",
      "androidSdkVersion": "29"
    },
    "dataAtTimeOfUserPlayActivity": {
      "carrierName": "Irancell",
      "manufacturer": "Xiaomi",
      "modelName": "211033MI",
      "deviceName": "angelicain",
      "productName": "angelicain_in",
      "retailBrand": "POCO",
      "nativePlatform": ["armeabi-v7a", "armeabi"],
      "deviceIpCountry": "NL",
      "userLocale": "fa_IR",
      "androidSdkVersion": "29"
    },
    "deviceRegistrationTime": "2024-06-22T21:36:33.592Z",
    "userAddedOnDeviceTime": "2024-08-16T17:16:34.203Z",
    "lastTimeDeviceActive": "2024-09-15T20:54:37.380183Z"
  }
}]