{
  "title": "FB_IMG_1726418895004.jpg",
  "description": "",
  "imageViews": "0",
  "creationTime": {
    "timestamp": "1726527862",
    "formatted": "۲۶ شهریور ۱۴۰۳، ۲۳:۰۴:۲۲ (UTC)"
  },
  "photoTakenTime": {
    "timestamp": "1726418895",
    "formatted": "۲۵ شهریور ۱۴۰۳، ۱۶:۴۸:۱۵ (UTC)"
  },
  "geoData": {
    "latitude": 0.0,
    "longitude": 0.0,
    "altitude": 0.0,
    "latitudeSpan": 0.0,
    "longitudeSpan": 0.0
  },
  "geoDataExif": {
    "latitude": 0.0,
    "longitude": 0.0,
    "altitude": 0.0,
    "latitudeSpan": 0.0,
    "longitudeSpan": 0.0
  },
  "url": "https://photos.google.com/photo/AF1QipMSghXr5_0dAGR2YdRLUR7ZTgj11kt5xJx7Db4o",
  "googlePhotosOrigin": {
    "mobileUpload": {
      "deviceFolder": {
        "localFolderName": ""
      },
      "deviceType": "ANDROID_PHONE"
    }
  }
}