{
  "title": "Huobi_Deposit_BTC_1725443440862.jpg",
  "description": "",
  "imageViews": "0",
  "creationTime": {
    "timestamp": "1726527827",
    "formatted": "۲۶ شهریور ۱۴۰۳، ۲۳:۰۳:۴۷ (UTC)"
  },
  "photoTakenTime": {
    "timestamp": "1725443440",
    "formatted": "۱۴ شهریور ۱۴۰۳، ۹:۵۰:۴۰ (UTC)"
  },
  "geoData": {
    "latitude": 0.0,
    "longitude": 0.0,
    "altitude": 0.0,
    "latitudeSpan": 0.0,
    "longitudeSpan": 0.0
  },
  "geoDataExif": {
    "latitude": 0.0,
    "longitude": 0.0,
    "altitude": 0.0,
    "latitudeSpan": 0.0,
    "longitudeSpan": 0.0
  },
  "url": "https://photos.google.com/photo/AF1QipORHbQC9HZ1p1TC3PSHDrzWpFhmI4WSO0a0CRAv",
  "googlePhotosOrigin": {
    "mobileUpload": {
      "deviceFolder": {
        "localFolderName": ""
      },
      "deviceType": "ANDROID_PHONE"
    }
  }
}