{
  "title": "Huobi_Deposit_USDT_1725540007183.jpg",
  "description": "",
  "imageViews": "0",
  "creationTime": {
    "timestamp": "1726527842",
    "formatted": "۲۶ شهریور ۱۴۰۳، ۲۳:۰۴:۰۲ (UTC)"
  },
  "photoTakenTime": {
    "timestamp": "1725540007",
    "formatted": "۱۵ شهریور ۱۴۰۳، ۱۲:۴۰:۰۷ (UTC)"
  },
  "geoData": {
    "latitude": 0.0,
    "longitude": 0.0,
    "altitude": 0.0,
    "latitudeSpan": 0.0,
    "longitudeSpan": 0.0
  },
  "geoDataExif": {
    "latitude": 0.0,
    "longitude": 0.0,
    "altitude": 0.0,
    "latitudeSpan": 0.0,
    "longitudeSpan": 0.0
  },
  "url": "https://photos.google.com/photo/AF1QipNmHEUXdIFVQw4eV6MVkBY5s_dK9BhwVOAw7Vuo",
  "googlePhotosOrigin": {
    "mobileUpload": {
      "deviceFolder": {
        "localFolderName": ""
      },
      "deviceType": "ANDROID_PHONE"
    }
  }
}