{
  "title": "Huobi_Deposit_ETH_1725442733236.jpg",
  "description": "",
  "imageViews": "0",
  "creationTime": {
    "timestamp": "1726527827",
    "formatted": "۲۶ شهریور ۱۴۰۳، ۲۳:۰۳:۴۷ (UTC)"
  },
  "photoTakenTime": {
    "timestamp": "1725442733",
    "formatted": "۱۴ شهریور ۱۴۰۳، ۹:۳۸:۵۳ (UTC)"
  },
  "geoData": {
    "latitude": 0.0,
    "longitude": 0.0,
    "altitude": 0.0,
    "latitudeSpan": 0.0,
    "longitudeSpan": 0.0
  },
  "geoDataExif": {
    "latitude": 0.0,
    "longitude": 0.0,
    "altitude": 0.0,
    "latitudeSpan": 0.0,
    "longitudeSpan": 0.0
  },
  "url": "https://photos.google.com/photo/AF1QipO8Mjj-pAi7JqAzEJN60HJzgnQXPyRdejp8K75X",
  "googlePhotosOrigin": {
    "mobileUpload": {
      "deviceFolder": {
        "localFolderName": ""
      },
      "deviceType": "ANDROID_PHONE"
    }
  }
}