{
  "title": "IMG_۲۰۲۴۰۸۲۵_۱۳۱۴۴۸.jpg",
  "description": "",
  "imageViews": "0",
  "creationTime": {
    "timestamp": "1726527789",
    "formatted": "۲۶ شهریور ۱۴۰۳، ۲۳:۰۳:۰۹ (UTC)"
  },
  "photoTakenTime": {
    "timestamp": "1724584488",
    "formatted": "۴ شهریور ۱۴۰۳، ۱۱:۱۴:۴۸ (UTC)"
  },
  "geoData": {
    "latitude": 0.0,
    "longitude": 0.0,
    "altitude": 0.0,
    "latitudeSpan": 0.0,
    "longitudeSpan": 0.0
  },
  "geoDataExif": {
    "latitude": 0.0,
    "longitude": 0.0,
    "altitude": 0.0,
    "latitudeSpan": 0.0,
    "longitudeSpan": 0.0
  },
  "url": "https://photos.google.com/photo/AF1QipO8nZVXKkezGoHxVXGffDETk6Vz3XXIeK9FPALN",
  "googlePhotosOrigin": {
    "mobileUpload": {
      "deviceFolder": {
        "localFolderName": ""
      },
      "deviceType": "ANDROID_PHONE"
    }
  }
}