{
  "title": "IMG_۲۰۲۴۰۸۲۶_۲۲۴۴۳۰.jpg",
  "description": "",
  "imageViews": "0",
  "creationTime": {
    "timestamp": "1726527795",
    "formatted": "۲۶ شهریور ۱۴۰۳، ۲۳:۰۳:۱۵ (UTC)"
  },
  "photoTakenTime": {
    "timestamp": "1724705070",
    "formatted": "۵ شهریور ۱۴۰۳، ۲۰:۴۴:۳۰ (UTC)"
  },
  "geoData": {
    "latitude": 0.0,
    "longitude": 0.0,
    "altitude": 0.0,
    "latitudeSpan": 0.0,
    "longitudeSpan": 0.0
  },
  "geoDataExif": {
    "latitude": 0.0,
    "longitude": 0.0,
    "altitude": 0.0,
    "latitudeSpan": 0.0,
    "longitudeSpan": 0.0
  },
  "url": "https://photos.google.com/photo/AF1QipPpFt3MZKj_RPAZpEC2nNoYULN2T96KPrDMbP4W",
  "googlePhotosOrigin": {
    "mobileUpload": {
      "deviceFolder": {
        "localFolderName": ""
      },
      "deviceType": "ANDROID_PHONE"
    }
  }
}