{
  "title": "IMG_20240904133611352.jpg",
  "description": "",
  "imageViews": "0",
  "creationTime": {
    "timestamp": "1726527831",
    "formatted": "۲۶ شهریور ۱۴۰۳، ۲۳:۰۳:۵۱ (UTC)"
  },
  "photoTakenTime": {
    "timestamp": "1725444382",
    "formatted": "۱۴ شهریور ۱۴۰۳، ۱۰:۰۶:۲۲ (UTC)"
  },
  "geoData": {
    "latitude": 36.385730699999996,
    "longitude": 59.5321312,
    "altitude": 1000.0,
    "latitudeSpan": 0.0,
    "longitudeSpan": 0.0
  },
  "geoDataExif": {
    "latitude": 36.385730699999996,
    "longitude": 59.5321312,
    "altitude": 1000.0,
    "latitudeSpan": 0.0,
    "longitudeSpan": 0.0
  },
  "url": "https://photos.google.com/photo/AF1QipM2Bk_xY6fJ_2aoKpay-dozYsOFm0fB6VbL9DI3",
  "googlePhotosOrigin": {
    "mobileUpload": {
      "deviceFolder": {
        "localFolderName": ""
      },
      "deviceType": "ANDROID_PHONE"
    }
  }
}