{
  "title": "IMG_۲۰۲۴۰۸۲۵_۱۳۱۹۰۷.jpg",
  "description": "",
  "imageViews": "0",
  "creationTime": {
    "timestamp": "1726527791",
    "formatted": "۲۶ شهریور ۱۴۰۳، ۲۳:۰۳:۱۱ (UTC)"
  },
  "photoTakenTime": {
    "timestamp": "1724584747",
    "formatted": "۴ شهریور ۱۴۰۳، ۱۱:۱۹:۰۷ (UTC)"
  },
  "geoData": {
    "latitude": 0.0,
    "longitude": 0.0,
    "altitude": 0.0,
    "latitudeSpan": 0.0,
    "longitudeSpan": 0.0
  },
  "geoDataExif": {
    "latitude": 0.0,
    "longitude": 0.0,
    "altitude": 0.0,
    "latitudeSpan": 0.0,
    "longitudeSpan": 0.0
  },
  "url": "https://photos.google.com/photo/AF1QipPufXO74oPa1QS5GS7CW4SXFJ5_CH-Ovs1BL0X2",
  "googlePhotosOrigin": {
    "mobileUpload": {
      "deviceFolder": {
        "localFolderName": ""
      },
      "deviceType": "ANDROID_PHONE"
    }
  }
}