{
  "title": "IMG_۲۰۲۴۰۹۰۳_۱۶۵۰۵۴.jpg",
  "description": "",
  "imageViews": "0",
  "creationTime": {
    "timestamp": "1726527808",
    "formatted": "۲۶ شهریور ۱۴۰۳، ۲۳:۰۳:۲۸ (UTC)"
  },
  "photoTakenTime": {
    "timestamp": "1725369654",
    "formatted": "۱۳ شهریور ۱۴۰۳، ۱۳:۲۰:۵۴ (UTC)"
  },
  "geoData": {
    "latitude": 36.385616299999995,
    "longitude": 59.53201679999999,
    "altitude": 1032.0,
    "latitudeSpan": 0.0,
    "longitudeSpan": 0.0
  },
  "geoDataExif": {
    "latitude": 36.385616299999995,
    "longitude": 59.53201679999999,
    "altitude": 1032.0,
    "latitudeSpan": 0.0,
    "longitudeSpan": 0.0
  },
  "url": "https://photos.google.com/photo/AF1QipNV4_TUBtDQicX4asRo-TJiAhTvbTomYnhaSu7z",
  "googlePhotosOrigin": {
    "mobileUpload": {
      "deviceFolder": {
        "localFolderName": ""
      },
      "deviceType": "ANDROID_PHONE"
    }
  }
}