{
  "title": "IMG_۲۰۲۴۰۸۲۳_۰۹۳۵۵۰.jpg",
  "description": "",
  "imageViews": "0",
  "creationTime": {
    "timestamp": "1726527737",
    "formatted": "۲۶ شهریور ۱۴۰۳، ۲۳:۰۲:۱۷ (UTC)"
  },
  "photoTakenTime": {
    "timestamp": "1724393150",
    "formatted": "۲ شهریور ۱۴۰۳، ۶:۰۵:۵۰ (UTC)"
  },
  "geoData": {
    "latitude": 0.0,
    "longitude": 0.0,
    "altitude": 0.0,
    "latitudeSpan": 0.0,
    "longitudeSpan": 0.0
  },
  "geoDataExif": {
    "latitude": 0.0,
    "longitude": 0.0,
    "altitude": 0.0,
    "latitudeSpan": 0.0,
    "longitudeSpan": 0.0
  },
  "url": "https://photos.google.com/photo/AF1QipPYlYg3wmjM0ZoLDDBtfPK9Lx1h0YtGHE42b9V4",
  "googlePhotosOrigin": {
    "mobileUpload": {
      "deviceFolder": {
        "localFolderName": ""
      },
      "deviceType": "ANDROID_PHONE"
    }
  }
}