{
  "title": "IMG_۲۰۲۴۰۹۰۳_۱۷۲۰۴۲.jpg",
  "description": "",
  "imageViews": "0",
  "creationTime": {
    "timestamp": "1726527812",
    "formatted": "۲۶ شهریور ۱۴۰۳، ۲۳:۰۳:۳۲ (UTC)"
  },
  "photoTakenTime": {
    "timestamp": "1725376842",
    "formatted": "۱۳ شهریور ۱۴۰۳، ۱۵:۲۰:۴۲ (UTC)"
  },
  "geoData": {
    "latitude": 0.0,
    "longitude": 0.0,
    "altitude": 0.0,
    "latitudeSpan": 0.0,
    "longitudeSpan": 0.0
  },
  "geoDataExif": {
    "latitude": 0.0,
    "longitude": 0.0,
    "altitude": 0.0,
    "latitudeSpan": 0.0,
    "longitudeSpan": 0.0
  },
  "url": "https://photos.google.com/photo/AF1QipMkJFL-2mHaVidQLQcNhfA0mVEOiv4guwFh0Gp_",
  "googlePhotosOrigin": {
    "mobileUpload": {
      "deviceFolder": {
        "localFolderName": ""
      },
      "deviceType": "ANDROID_PHONE"
    }
  }
}