{
  "title": "IMG_۲۰۲۴۰۸۱۵_۱۸۰۱۵۹.jpg",
  "description": "",
  "imageViews": "0",
  "creationTime": {
    "timestamp": "1726527706",
    "formatted": "۲۶ شهریور ۱۴۰۳، ۲۳:۰۱:۴۶ (UTC)"
  },
  "photoTakenTime": {
    "timestamp": "1723732319",
    "formatted": "۲۵ مرداد ۱۴۰۳، ۱۴:۳۱:۵۹ (UTC)"
  },
  "geoData": {
    "latitude": 0.0,
    "longitude": 0.0,
    "altitude": 0.0,
    "latitudeSpan": 0.0,
    "longitudeSpan": 0.0
  },
  "geoDataExif": {
    "latitude": 0.0,
    "longitude": 0.0,
    "altitude": 0.0,
    "latitudeSpan": 0.0,
    "longitudeSpan": 0.0
  },
  "url": "https://photos.google.com/photo/AF1QipOUX5BTN85QRP5Y3qrDz499-Ulm9a-7KVQylB2O",
  "googlePhotosOrigin": {
    "mobileUpload": {
      "deviceFolder": {
        "localFolderName": ""
      },
      "deviceType": "ANDROID_PHONE"
    }
  }
}