{
  "title": "IMG_۲۰۲۴۰۹۱۶_۱۵۲۸۳۸.jpg",
  "description": "",
  "imageViews": "0",
  "creationTime": {
    "timestamp": "1726527866",
    "formatted": "۲۶ شهریور ۱۴۰۳، ۲۳:۰۴:۲۶ (UTC)"
  },
  "photoTakenTime": {
    "timestamp": "1726493318",
    "formatted": "۲۶ شهریور ۱۴۰۳، ۱۳:۲۸:۳۸ (UTC)"
  },
  "geoData": {
    "latitude": 0.0,
    "longitude": 0.0,
    "altitude": 0.0,
    "latitudeSpan": 0.0,
    "longitudeSpan": 0.0
  },
  "geoDataExif": {
    "latitude": 0.0,
    "longitude": 0.0,
    "altitude": 0.0,
    "latitudeSpan": 0.0,
    "longitudeSpan": 0.0
  },
  "url": "https://photos.google.com/photo/AF1QipOIGSrbfVr_naFm_WpZa-FXHux-TyW_o7kuM2Y7",
  "googlePhotosOrigin": {
    "mobileUpload": {
      "deviceFolder": {
        "localFolderName": ""
      },
      "deviceType": "ANDROID_PHONE"
    }
  }
}