{
  "title": "IMG_۲۰۲۴۰۹۱۶_۱۵۲۸۴۵.jpg",
  "description": "",
  "imageViews": "0",
  "creationTime": {
    "timestamp": "1726527870",
    "formatted": "۲۶ شهریور ۱۴۰۳، ۲۳:۰۴:۳۰ (UTC)"
  },
  "photoTakenTime": {
    "timestamp": "1726493325",
    "formatted": "۲۶ شهریور ۱۴۰۳، ۱۳:۲۸:۴۵ (UTC)"
  },
  "geoData": {
    "latitude": 0.0,
    "longitude": 0.0,
    "altitude": 0.0,
    "latitudeSpan": 0.0,
    "longitudeSpan": 0.0
  },
  "geoDataExif": {
    "latitude": 0.0,
    "longitude": 0.0,
    "altitude": 0.0,
    "latitudeSpan": 0.0,
    "longitudeSpan": 0.0
  },
  "url": "https://photos.google.com/photo/AF1QipMnQCJLoe7QPDqCxUwNOiFpXgufcaImdWH3R75O",
  "googlePhotosOrigin": {
    "mobileUpload": {
      "deviceFolder": {
        "localFolderName": ""
      },
      "deviceType": "ANDROID_PHONE"
    }
  }
}