{
  "title": "IMG_20240904133725784.jpg",
  "description": "",
  "imageViews": "0",
  "creationTime": {
    "timestamp": "1726527831",
    "formatted": "۲۶ شهریور ۱۴۰۳، ۲۳:۰۳:۵۱ (UTC)"
  },
  "photoTakenTime": {
    "timestamp": "1725444455",
    "formatted": "۱۴ شهریور ۱۴۰۳، ۱۰:۰۷:۳۵ (UTC)"
  },
  "geoData": {
    "latitude": 36.3857346,
    "longitude": 59.5319862,
    "altitude": 1000.0,
    "latitudeSpan": 0.0,
    "longitudeSpan": 0.0
  },
  "geoDataExif": {
    "latitude": 36.3857346,
    "longitude": 59.5319862,
    "altitude": 1000.0,
    "latitudeSpan": 0.0,
    "longitudeSpan": 0.0
  },
  "url": "https://photos.google.com/photo/AF1QipM51knsLzEwfk9DYVcwAEV87y4ELNVQ6xuYEtFq",
  "googlePhotosOrigin": {
    "mobileUpload": {
      "deviceFolder": {
        "localFolderName": ""
      },
      "deviceType": "ANDROID_PHONE"
    }
  }
}