{
  "title": "IMG_20240904133543737.jpg",
  "description": "",
  "imageViews": "0",
  "creationTime": {
    "timestamp": "1726527831",
    "formatted": "۲۶ شهریور ۱۴۰۳، ۲۳:۰۳:۵۱ (UTC)"
  },
  "photoTakenTime": {
    "timestamp": "1725444354",
    "formatted": "۱۴ شهریور ۱۴۰۳، ۱۰:۰۵:۵۴ (UTC)"
  },
  "geoData": {
    "latitude": 36.385673499999996,
    "longitude": 59.53214259999999,
    "altitude": 1000.0,
    "latitudeSpan": 0.0,
    "longitudeSpan": 0.0
  },
  "geoDataExif": {
    "latitude": 36.385673499999996,
    "longitude": 59.53214259999999,
    "altitude": 1000.0,
    "latitudeSpan": 0.0,
    "longitudeSpan": 0.0
  },
  "url": "https://photos.google.com/photo/AF1QipOH4nCL0bMJdtn4oSk7LIfHFgi0neKjJe2vaXXH",
  "googlePhotosOrigin": {
    "mobileUpload": {
      "deviceFolder": {
        "localFolderName": ""
      },
      "deviceType": "ANDROID_PHONE"
    }
  }
}