{
  "title": "IMG_20240903_193314.jpg",
  "description": "",
  "imageViews": "0",
  "creationTime": {
    "timestamp": "1726527816",
    "formatted": "۲۶ شهریور ۱۴۰۳، ۲۳:۰۳:۳۶ (UTC)"
  },
  "photoTakenTime": {
    "timestamp": "1725384794",
    "formatted": "۱۳ شهریور ۱۴۰۳، ۱۷:۳۳:۱۴ (UTC)"
  },
  "geoData": {
    "latitude": 0.0,
    "longitude": 0.0,
    "altitude": 0.0,
    "latitudeSpan": 0.0,
    "longitudeSpan": 0.0
  },
  "geoDataExif": {
    "latitude": 0.0,
    "longitude": 0.0,
    "altitude": 0.0,
    "latitudeSpan": 0.0,
    "longitudeSpan": 0.0
  },
  "url": "https://photos.google.com/photo/AF1QipNgk_5ahuLv3b2FFfJMx0Xa5bURZbUuJfj5DFTd",
  "googlePhotosOrigin": {
    "mobileUpload": {
      "deviceFolder": {
        "localFolderName": ""
      },
      "deviceType": "ANDROID_PHONE"
    }
  }
}