{
  "title": "IMG_۲۰۲۴۰۸۲۲_۰۱۳۰۲۳.jpg",
  "description": "",
  "imageViews": "0",
  "creationTime": {
    "timestamp": "1726527737",
    "formatted": "۲۶ شهریور ۱۴۰۳، ۲۳:۰۲:۱۷ (UTC)"
  },
  "photoTakenTime": {
    "timestamp": "1724277623",
    "formatted": "۳۱ مرداد ۱۴۰۳، ۲۲:۰۰:۲۳ (UTC)"
  },
  "geoData": {
    "latitude": 0.0,
    "longitude": 0.0,
    "altitude": 0.0,
    "latitudeSpan": 0.0,
    "longitudeSpan": 0.0
  },
  "geoDataExif": {
    "latitude": 0.0,
    "longitude": 0.0,
    "altitude": 0.0,
    "latitudeSpan": 0.0,
    "longitudeSpan": 0.0
  },
  "url": "https://photos.google.com/photo/AF1QipPVJbbURXihT8-8DGTy2PegnX1-SxlMC7q_K1Fv",
  "googlePhotosOrigin": {
    "mobileUpload": {
      "deviceFolder": {
        "localFolderName": ""
      },
      "deviceType": "ANDROID_PHONE"
    }
  }
}