{
  "title": "IMG_۲۰۲۴۰۸۲۵_۱۳۱۹۰۱.jpg",
  "description": "",
  "imageViews": "0",
  "creationTime": {
    "timestamp": "1726527791",
    "formatted": "۲۶ شهریور ۱۴۰۳، ۲۳:۰۳:۱۱ (UTC)"
  },
  "photoTakenTime": {
    "timestamp": "1724584741",
    "formatted": "۴ شهریور ۱۴۰۳، ۱۱:۱۹:۰۱ (UTC)"
  },
  "geoData": {
    "latitude": 0.0,
    "longitude": 0.0,
    "altitude": 0.0,
    "latitudeSpan": 0.0,
    "longitudeSpan": 0.0
  },
  "geoDataExif": {
    "latitude": 0.0,
    "longitude": 0.0,
    "altitude": 0.0,
    "latitudeSpan": 0.0,
    "longitudeSpan": 0.0
  },
  "url": "https://photos.google.com/photo/AF1QipOYjSCZODHeuBFQ9dXlWzGDwPMa7jWb1Ez7GjRQ",
  "googlePhotosOrigin": {
    "mobileUpload": {
      "deviceFolder": {
        "localFolderName": ""
      },
      "deviceType": "ANDROID_PHONE"
    }
  }
}