{
  "title": "IMG_20240903_193357.jpg",
  "description": "",
  "imageViews": "0",
  "creationTime": {
    "timestamp": "1726527822",
    "formatted": "۲۶ شهریور ۱۴۰۳، ۲۳:۰۳:۴۲ (UTC)"
  },
  "photoTakenTime": {
    "timestamp": "1725384837",
    "formatted": "۱۳ شهریور ۱۴۰۳، ۱۷:۳۳:۵۷ (UTC)"
  },
  "geoData": {
    "latitude": 0.0,
    "longitude": 0.0,
    "altitude": 0.0,
    "latitudeSpan": 0.0,
    "longitudeSpan": 0.0
  },
  "geoDataExif": {
    "latitude": 0.0,
    "longitude": 0.0,
    "altitude": 0.0,
    "latitudeSpan": 0.0,
    "longitudeSpan": 0.0
  },
  "url": "https://photos.google.com/photo/AF1QipMxBPkKMxVySLeGPuzFJNO6lqTyKg4qa_U-6y7j",
  "googlePhotosOrigin": {
    "mobileUpload": {
      "deviceFolder": {
        "localFolderName": ""
      },
      "deviceType": "ANDROID_PHONE"
    }
  }
}