{
  "title": "IMG_۲۰۲۴۰۸۲۵_۰۰۳۶۲۰.jpg",
  "description": "",
  "imageViews": "0",
  "creationTime": {
    "timestamp": "1726527785",
    "formatted": "۲۶ شهریور ۱۴۰۳، ۲۳:۰۳:۰۵ (UTC)"
  },
  "photoTakenTime": {
    "timestamp": "1724533580",
    "formatted": "۳ شهریور ۱۴۰۳، ۲۱:۰۶:۲۰ (UTC)"
  },
  "geoData": {
    "latitude": 36.3855972,
    "longitude": 59.53214639999999,
    "altitude": 1000.0,
    "latitudeSpan": 0.0,
    "longitudeSpan": 0.0
  },
  "geoDataExif": {
    "latitude": 36.3855972,
    "longitude": 59.53214639999999,
    "altitude": 1000.0,
    "latitudeSpan": 0.0,
    "longitudeSpan": 0.0
  },
  "url": "https://photos.google.com/photo/AF1QipOBrfi0RzzyX59i9GF-yRQ4YPWwumCj27L0vlU0",
  "googlePhotosOrigin": {
    "mobileUpload": {
      "deviceFolder": {
        "localFolderName": ""
      },
      "deviceType": "ANDROID_PHONE"
    }
  }
}