{
  "title": "IMG_۲۰۲۴۰۸۲۳_۰۹۴۷۵۴.jpg",
  "description": "",
  "imageViews": "0",
  "creationTime": {
    "timestamp": "1726527742",
    "formatted": "۲۶ شهریور ۱۴۰۳، ۲۳:۰۲:۲۲ (UTC)"
  },
  "photoTakenTime": {
    "timestamp": "1724393874",
    "formatted": "۲ شهریور ۱۴۰۳، ۶:۱۷:۵۴ (UTC)"
  },
  "geoData": {
    "latitude": 0.0,
    "longitude": 0.0,
    "altitude": 0.0,
    "latitudeSpan": 0.0,
    "longitudeSpan": 0.0
  },
  "geoDataExif": {
    "latitude": 0.0,
    "longitude": 0.0,
    "altitude": 0.0,
    "latitudeSpan": 0.0,
    "longitudeSpan": 0.0
  },
  "url": "https://photos.google.com/photo/AF1QipOZADHMpP-AYFIlYk8qsz91ujTHF78JGj8-7InV",
  "googlePhotosOrigin": {
    "mobileUpload": {
      "deviceFolder": {
        "localFolderName": ""
      },
      "deviceType": "ANDROID_PHONE"
    }
  }
}