{
  "title": "IMG_۲۰۲۴۰۸۲۰_۱۴۳۹۳۰.jpg",
  "description": "",
  "imageViews": "0",
  "creationTime": {
    "timestamp": "1726527730",
    "formatted": "۲۶ شهریور ۱۴۰۳، ۲۳:۰۲:۱۰ (UTC)"
  },
  "photoTakenTime": {
    "timestamp": "1724152170",
    "formatted": "۳۰ مرداد ۱۴۰۳، ۱۱:۰۹:۳۰ (UTC)"
  },
  "geoData": {
    "latitude": 0.0,
    "longitude": 0.0,
    "altitude": 0.0,
    "latitudeSpan": 0.0,
    "longitudeSpan": 0.0
  },
  "geoDataExif": {
    "latitude": 0.0,
    "longitude": 0.0,
    "altitude": 0.0,
    "latitudeSpan": 0.0,
    "longitudeSpan": 0.0
  },
  "url": "https://photos.google.com/photo/AF1QipNlATAwFvLaJCGK_2W2nCVkBt_OYDBuSPIW3Y90",
  "googlePhotosOrigin": {
    "mobileUpload": {
      "deviceFolder": {
        "localFolderName": ""
      },
      "deviceType": "ANDROID_PHONE"
    }
  }
}