{
  "title": "Screenshot_۲۰۲۴-۰۹-۱۵-۰۶-۲۱-۴۵-۴۳۶_com.opera.browser.jpg",
  "description": "",
  "imageViews": "0",
  "creationTime": {
    "timestamp": "1726527862",
    "formatted": "۲۶ شهریور ۱۴۰۳، ۲۳:۰۴:۲۲ (UTC)"
  },
  "photoTakenTime": {
    "timestamp": "1726368705",
    "formatted": "۲۵ شهریور ۱۴۰۳، ۲:۵۱:۴۵ (UTC)"
  },
  "geoData": {
    "latitude": 0.0,
    "longitude": 0.0,
    "altitude": 0.0,
    "latitudeSpan": 0.0,
    "longitudeSpan": 0.0
  },
  "geoDataExif": {
    "latitude": 0.0,
    "longitude": 0.0,
    "altitude": 0.0,
    "latitudeSpan": 0.0,
    "longitudeSpan": 0.0
  },
  "url": "https://photos.google.com/photo/AF1QipNZ_-x7GCHwf-xAShM7U9oxT9y4qjGdIYym-_Ca",
  "googlePhotosOrigin": {
    "mobileUpload": {
      "deviceFolder": {
        "localFolderName": ""
      },
      "deviceType": "ANDROID_PHONE"
    }
  }
}