{
  "title": "Screenshot_۲۰۲۴-۰۸-۲۳-۰۹-۴۵-۰۰-۸۴۶_com.android.chrome.jpg",
  "description": "",
  "imageViews": "0",
  "creationTime": {
    "timestamp": "1726527737",
    "formatted": "۲۶ شهریور ۱۴۰۳، ۲۳:۰۲:۱۷ (UTC)"
  },
  "photoTakenTime": {
    "timestamp": "1724393700",
    "formatted": "۲ شهریور ۱۴۰۳، ۶:۱۵:۰۰ (UTC)"
  },
  "geoData": {
    "latitude": 0.0,
    "longitude": 0.0,
    "altitude": 0.0,
    "latitudeSpan": 0.0,
    "longitudeSpan": 0.0
  },
  "geoDataExif": {
    "latitude": 0.0,
    "longitude": 0.0,
    "altitude": 0.0,
    "latitudeSpan": 0.0,
    "longitudeSpan": 0.0
  },
  "url": "https://photos.google.com/photo/AF1QipP1SEEt5pbbze9rpL9Y1TlRWUcAbdYxa8CWq5aT",
  "googlePhotosOrigin": {
    "mobileUpload": {
      "deviceFolder": {
        "localFolderName": ""
      },
      "deviceType": "ANDROID_PHONE"
    }
  }
}