{
  "title": "Screenshot_۲۰۲۴-۰۸-۲۳-۲۲-۳۱-۲۰-۸۵۹_com.tronlink.global.jpg",
  "description": "",
  "imageViews": "0",
  "creationTime": {
    "timestamp": "1726527772",
    "formatted": "۲۶ شهریور ۱۴۰۳، ۲۳:۰۲:۵۲ (UTC)"
  },
  "photoTakenTime": {
    "timestamp": "1724439680",
    "formatted": "۲ شهریور ۱۴۰۳، ۱۹:۰۱:۲۰ (UTC)"
  },
  "geoData": {
    "latitude": 0.0,
    "longitude": 0.0,
    "altitude": 0.0,
    "latitudeSpan": 0.0,
    "longitudeSpan": 0.0
  },
  "geoDataExif": {
    "latitude": 0.0,
    "longitude": 0.0,
    "altitude": 0.0,
    "latitudeSpan": 0.0,
    "longitudeSpan": 0.0
  },
  "url": "https://photos.google.com/photo/AF1QipOFoLd2IkZuA1ASehyhpDrhkfgaGoXB4Q4X-sn0",
  "googlePhotosOrigin": {
    "mobileUpload": {
      "deviceFolder": {
        "localFolderName": ""
      },
      "deviceType": "ANDROID_PHONE"
    }
  }
}