{
  "title": "Screenshot_۲۰۲۴-۰۹-۱۴-۲۱-۲۶-۴۷-۰۹۶_com.opera.browser.jpg",
  "description": "",
  "imageViews": "0",
  "creationTime": {
    "timestamp": "1726527854",
    "formatted": "۲۶ شهریور ۱۴۰۳، ۲۳:۰۴:۱۴ (UTC)"
  },
  "photoTakenTime": {
    "timestamp": "1726336607",
    "formatted": "۲۴ شهریور ۱۴۰۳، ۱۷:۵۶:۴۷ (UTC)"
  },
  "geoData": {
    "latitude": 0.0,
    "longitude": 0.0,
    "altitude": 0.0,
    "latitudeSpan": 0.0,
    "longitudeSpan": 0.0
  },
  "geoDataExif": {
    "latitude": 0.0,
    "longitude": 0.0,
    "altitude": 0.0,
    "latitudeSpan": 0.0,
    "longitudeSpan": 0.0
  },
  "url": "https://photos.google.com/photo/AF1QipNEnFroV3k-gi_iE7EP_3vYEzuQfB1OiKo9huzR",
  "googlePhotosOrigin": {
    "mobileUpload": {
      "deviceFolder": {
        "localFolderName": ""
      },
      "deviceType": "ANDROID_PHONE"
    }
  }
}