{
  "title": "Screenshot_۲۰۲۴-۰۹-۱۴-۲۱-۱۱-۴۸-۸۶۵_com.opera.browser.jpg",
  "description": "",
  "imageViews": "0",
  "creationTime": {
    "timestamp": "1726527850",
    "formatted": "۲۶ شهریور ۱۴۰۳، ۲۳:۰۴:۱۰ (UTC)"
  },
  "photoTakenTime": {
    "timestamp": "1726335708",
    "formatted": "۲۴ شهریور ۱۴۰۳، ۱۷:۴۱:۴۸ (UTC)"
  },
  "geoData": {
    "latitude": 0.0,
    "longitude": 0.0,
    "altitude": 0.0,
    "latitudeSpan": 0.0,
    "longitudeSpan": 0.0
  },
  "geoDataExif": {
    "latitude": 0.0,
    "longitude": 0.0,
    "altitude": 0.0,
    "latitudeSpan": 0.0,
    "longitudeSpan": 0.0
  },
  "url": "https://photos.google.com/photo/AF1QipM4A1VqnR1yJg0BRMwWsB6szzoLsaPKgbcUj05B",
  "googlePhotosOrigin": {
    "mobileUpload": {
      "deviceFolder": {
        "localFolderName": ""
      },
      "deviceType": "ANDROID_PHONE"
    }
  }
}