{
  "title": "Screenshot_۲۰۲۴-۰۹-۰۴-۰۸-۲۲-۳۷-۹۸۰_org.toshi.jpg",
  "description": "",
  "imageViews": "0",
  "creationTime": {
    "timestamp": "1726527822",
    "formatted": "۲۶ شهریور ۱۴۰۳، ۲۳:۰۳:۴۲ (UTC)"
  },
  "photoTakenTime": {
    "timestamp": "1725425557",
    "formatted": "۱۴ شهریور ۱۴۰۳، ۴:۵۲:۳۷ (UTC)"
  },
  "geoData": {
    "latitude": 0.0,
    "longitude": 0.0,
    "altitude": 0.0,
    "latitudeSpan": 0.0,
    "longitudeSpan": 0.0
  },
  "geoDataExif": {
    "latitude": 0.0,
    "longitude": 0.0,
    "altitude": 0.0,
    "latitudeSpan": 0.0,
    "longitudeSpan": 0.0
  },
  "url": "https://photos.google.com/photo/AF1QipORlZERzvi569iP9sIXrOXCANCc1AX1Q8YUh7gz",
  "googlePhotosOrigin": {
    "mobileUpload": {
      "deviceFolder": {
        "localFolderName": ""
      },
      "deviceType": "ANDROID_PHONE"
    }
  }
}