{
  "title": "Screenshot_۲۰۲۴-۰۸-۲۳-۰۹-۴۸-۰۸-۷۹۱_com.android.chrome.jpg",
  "description": "",
  "imageViews": "0",
  "creationTime": {
    "timestamp": "1726527746",
    "formatted": "۲۶ شهریور ۱۴۰۳، ۲۳:۰۲:۲۶ (UTC)"
  },
  "photoTakenTime": {
    "timestamp": "1724393888",
    "formatted": "۲ شهریور ۱۴۰۳، ۶:۱۸:۰۸ (UTC)"
  },
  "geoData": {
    "latitude": 0.0,
    "longitude": 0.0,
    "altitude": 0.0,
    "latitudeSpan": 0.0,
    "longitudeSpan": 0.0
  },
  "geoDataExif": {
    "latitude": 0.0,
    "longitude": 0.0,
    "altitude": 0.0,
    "latitudeSpan": 0.0,
    "longitudeSpan": 0.0
  },
  "url": "https://photos.google.com/photo/AF1QipPaoccAYZ77eTEEf_TXXZ_wD5Tt9D3bHpNvuLmu",
  "googlePhotosOrigin": {
    "mobileUpload": {
      "deviceFolder": {
        "localFolderName": ""
      },
      "deviceType": "ANDROID_PHONE"
    }
  }
}