{
  "title": "Screenshot_۲۰۲۴-۰۸-۲۷-۲۱-۲۳-۵۵-۷۲۵_com.bitkeep.wallet.jpg",
  "description": "",
  "imageViews": "0",
  "creationTime": {
    "timestamp": "1726527808",
    "formatted": "۲۶ شهریور ۱۴۰۳، ۲۳:۰۳:۲۸ (UTC)"
  },
  "photoTakenTime": {
    "timestamp": "1724781235",
    "formatted": "۶ شهریور ۱۴۰۳، ۱۷:۵۳:۵۵ (UTC)"
  },
  "geoData": {
    "latitude": 0.0,
    "longitude": 0.0,
    "altitude": 0.0,
    "latitudeSpan": 0.0,
    "longitudeSpan": 0.0
  },
  "geoDataExif": {
    "latitude": 0.0,
    "longitude": 0.0,
    "altitude": 0.0,
    "latitudeSpan": 0.0,
    "longitudeSpan": 0.0
  },
  "url": "https://photos.google.com/photo/AF1QipO1hafhpEgSJ82PNLTMbKiUsG23L6cCtQLSn2BW",
  "googlePhotosOrigin": {
    "mobileUpload": {
      "deviceFolder": {
        "localFolderName": ""
      },
      "deviceType": "ANDROID_PHONE"
    }
  }
}