{
  "title": "Screenshot_۲۰۲۴-۰۸-۲۵-۲۰-۴۵-۵۴-۳۹۵_com.opera.browser.jpg",
  "description": "",
  "imageViews": "0",
  "creationTime": {
    "timestamp": "1726527791",
    "formatted": "۲۶ شهریور ۱۴۰۳، ۲۳:۰۳:۱۱ (UTC)"
  },
  "photoTakenTime": {
    "timestamp": "1724606154",
    "formatted": "۴ شهریور ۱۴۰۳، ۱۷:۱۵:۵۴ (UTC)"
  },
  "geoData": {
    "latitude": 0.0,
    "longitude": 0.0,
    "altitude": 0.0,
    "latitudeSpan": 0.0,
    "longitudeSpan": 0.0
  },
  "geoDataExif": {
    "latitude": 0.0,
    "longitude": 0.0,
    "altitude": 0.0,
    "latitudeSpan": 0.0,
    "longitudeSpan": 0.0
  },
  "url": "https://photos.google.com/photo/AF1QipPezExkseQLS4n4tQCG_Zm7j6OwiIezBZDN6kJ6",
  "googlePhotosOrigin": {
    "mobileUpload": {
      "deviceFolder": {
        "localFolderName": ""
      },
      "deviceType": "ANDROID_PHONE"
    }
  }
}