{
  "title": "Screenshot_۲۰۲۴-۰۸-۱۷-۱۴-۴۹-۵۰-۶۱۸_com.android.chrome.jpg",
  "description": "",
  "imageViews": "0",
  "creationTime": {
    "timestamp": "1726527725",
    "formatted": "۲۶ شهریور ۱۴۰۳، ۲۳:۰۲:۰۵ (UTC)"
  },
  "photoTakenTime": {
    "timestamp": "1723893590",
    "formatted": "۲۷ مرداد ۱۴۰۳، ۱۱:۱۹:۵۰ (UTC)"
  },
  "geoData": {
    "latitude": 0.0,
    "longitude": 0.0,
    "altitude": 0.0,
    "latitudeSpan": 0.0,
    "longitudeSpan": 0.0
  },
  "geoDataExif": {
    "latitude": 0.0,
    "longitude": 0.0,
    "altitude": 0.0,
    "latitudeSpan": 0.0,
    "longitudeSpan": 0.0
  },
  "url": "https://photos.google.com/photo/AF1QipOnh30TWBH9cN_xVn13u_2hDCRd0uRZv18IEtle",
  "googlePhotosOrigin": {
    "mobileUpload": {
      "deviceFolder": {
        "localFolderName": ""
      },
      "deviceType": "ANDROID_PHONE"
    }
  }
}