{
  "title": "Screenshot_۲۰۲۴-۰۸-۲۵-۰۳-۰۹-۰۲-۱۹۹_com.tronlink.global.jpg",
  "description": "",
  "imageViews": "0",
  "creationTime": {
    "timestamp": "1726527785",
    "formatted": "۲۶ شهریور ۱۴۰۳، ۲۳:۰۳:۰۵ (UTC)"
  },
  "photoTakenTime": {
    "timestamp": "1724542742",
    "formatted": "۳ شهریور ۱۴۰۳، ۲۳:۳۹:۰۲ (UTC)"
  },
  "geoData": {
    "latitude": 0.0,
    "longitude": 0.0,
    "altitude": 0.0,
    "latitudeSpan": 0.0,
    "longitudeSpan": 0.0
  },
  "geoDataExif": {
    "latitude": 0.0,
    "longitude": 0.0,
    "altitude": 0.0,
    "latitudeSpan": 0.0,
    "longitudeSpan": 0.0
  },
  "url": "https://photos.google.com/photo/AF1QipPkE0Xt9OQAEjGb7KdZ0-iD9rAGs6-n6YqAyxFk",
  "googlePhotosOrigin": {
    "mobileUpload": {
      "deviceFolder": {
        "localFolderName": ""
      },
      "deviceType": "ANDROID_PHONE"
    }
  }
}