{
  "title": "Screenshot_۲۰۲۴-۰۸-۲۷-۲۱-۲۳-۴۲-۲۰۱_com.bitkeep.wallet.jpg",
  "description": "",
  "imageViews": "0",
  "creationTime": {
    "timestamp": "1726527804",
    "formatted": "۲۶ شهریور ۱۴۰۳، ۲۳:۰۳:۲۴ (UTC)"
  },
  "photoTakenTime": {
    "timestamp": "1724781222",
    "formatted": "۶ شهریور ۱۴۰۳، ۱۷:۵۳:۴۲ (UTC)"
  },
  "geoData": {
    "latitude": 0.0,
    "longitude": 0.0,
    "altitude": 0.0,
    "latitudeSpan": 0.0,
    "longitudeSpan": 0.0
  },
  "geoDataExif": {
    "latitude": 0.0,
    "longitude": 0.0,
    "altitude": 0.0,
    "latitudeSpan": 0.0,
    "longitudeSpan": 0.0
  },
  "url": "https://photos.google.com/photo/AF1QipMLjDTrUGmyTpbN_VCQLUOQzyic3tK2G7r-lHKF",
  "googlePhotosOrigin": {
    "mobileUpload": {
      "deviceFolder": {
        "localFolderName": ""
      },
      "deviceType": "ANDROID_PHONE"
    }
  }
}