{
  "title": "Screenshot_۲۰۲۴-۰۹-۱۴-۲۲-۰۸-۴۸-۹۰۵_com.opera.browser.jpg",
  "description": "",
  "imageViews": "0",
  "creationTime": {
    "timestamp": "1726527858",
    "formatted": "۲۶ شهریور ۱۴۰۳، ۲۳:۰۴:۱۸ (UTC)"
  },
  "photoTakenTime": {
    "timestamp": "1726339128",
    "formatted": "۲۴ شهریور ۱۴۰۳، ۱۸:۳۸:۴۸ (UTC)"
  },
  "geoData": {
    "latitude": 0.0,
    "longitude": 0.0,
    "altitude": 0.0,
    "latitudeSpan": 0.0,
    "longitudeSpan": 0.0
  },
  "geoDataExif": {
    "latitude": 0.0,
    "longitude": 0.0,
    "altitude": 0.0,
    "latitudeSpan": 0.0,
    "longitudeSpan": 0.0
  },
  "url": "https://photos.google.com/photo/AF1QipO7Q0LSBe50fr-zJR6dlnpGAie8WBfmhha7tfeA",
  "googlePhotosOrigin": {
    "mobileUpload": {
      "deviceFolder": {
        "localFolderName": ""
      },
      "deviceType": "ANDROID_PHONE"
    }
  }
}