{
  "title": "Screenshot_۲۰۲۴-۰۸-۲۳-۱۲-۱۳-۲۹-۵۴۴_com.tronlink.global.jpg",
  "description": "",
  "imageViews": "0",
  "creationTime": {
    "timestamp": "1726527769",
    "formatted": "۲۶ شهریور ۱۴۰۳، ۲۳:۰۲:۴۹ (UTC)"
  },
  "photoTakenTime": {
    "timestamp": "1724402609",
    "formatted": "۲ شهریور ۱۴۰۳، ۸:۴۳:۲۹ (UTC)"
  },
  "geoData": {
    "latitude": 0.0,
    "longitude": 0.0,
    "altitude": 0.0,
    "latitudeSpan": 0.0,
    "longitudeSpan": 0.0
  },
  "geoDataExif": {
    "latitude": 0.0,
    "longitude": 0.0,
    "altitude": 0.0,
    "latitudeSpan": 0.0,
    "longitudeSpan": 0.0
  },
  "url": "https://photos.google.com/photo/AF1QipP71HrbdMt5GpZOsakF8R1cdhXJFCCUm9zCIb_P",
  "googlePhotosOrigin": {
    "mobileUpload": {
      "deviceFolder": {
        "localFolderName": ""
      },
      "deviceType": "ANDROID_PHONE"
    }
  }
}