{
  "title": "Screenshot_۲۰۲۴-۰۸-۲۳-۱۱-۵۹-۱۳-۷۵۸_com.opera.browser.jpg",
  "description": "",
  "imageViews": "0",
  "creationTime": {
    "timestamp": "1726527765",
    "formatted": "۲۶ شهریور ۱۴۰۳، ۲۳:۰۲:۴۵ (UTC)"
  },
  "photoTakenTime": {
    "timestamp": "1724401753",
    "formatted": "۲ شهریور ۱۴۰۳، ۸:۲۹:۱۳ (UTC)"
  },
  "geoData": {
    "latitude": 0.0,
    "longitude": 0.0,
    "altitude": 0.0,
    "latitudeSpan": 0.0,
    "longitudeSpan": 0.0
  },
  "geoDataExif": {
    "latitude": 0.0,
    "longitude": 0.0,
    "altitude": 0.0,
    "latitudeSpan": 0.0,
    "longitudeSpan": 0.0
  },
  "url": "https://photos.google.com/photo/AF1QipM0-WJKBcpbxqkvQcvlHYj6WD2Mg7DJiV8W2cvc",
  "googlePhotosOrigin": {
    "mobileUpload": {
      "deviceFolder": {
        "localFolderName": ""
      },
      "deviceType": "ANDROID_PHONE"
    }
  }
}