{
  "title": "Screenshot_۲۰۲۴-۰۹-۰۴-۱۰-۱۵-۴۹-۷۲۲_com.opera.browser.jpg",
  "description": "",
  "imageViews": "0",
  "creationTime": {
    "timestamp": "1726527827",
    "formatted": "۲۶ شهریور ۱۴۰۳، ۲۳:۰۳:۴۷ (UTC)"
  },
  "photoTakenTime": {
    "timestamp": "1725432349",
    "formatted": "۱۴ شهریور ۱۴۰۳، ۶:۴۵:۴۹ (UTC)"
  },
  "geoData": {
    "latitude": 0.0,
    "longitude": 0.0,
    "altitude": 0.0,
    "latitudeSpan": 0.0,
    "longitudeSpan": 0.0
  },
  "geoDataExif": {
    "latitude": 0.0,
    "longitude": 0.0,
    "altitude": 0.0,
    "latitudeSpan": 0.0,
    "longitudeSpan": 0.0
  },
  "url": "https://photos.google.com/photo/AF1QipOmnI9P2UF7wHh0UtteOYI9wHG82eYpoZHJ59pv",
  "googlePhotosOrigin": {
    "mobileUpload": {
      "deviceFolder": {
        "localFolderName": ""
      },
      "deviceType": "ANDROID_PHONE"
    }
  }
}