{
  "title": "Screenshot_۲۰۲۴-۰۸-۱۶-۲۰-۵۰-۱۹-۸۷۱_com.google.android.gm.jpg",
  "description": "",
  "imageViews": "0",
  "creationTime": {
    "timestamp": "1726527719",
    "formatted": "۲۶ شهریور ۱۴۰۳، ۲۳:۰۱:۵۹ (UTC)"
  },
  "photoTakenTime": {
    "timestamp": "1723828819",
    "formatted": "۲۶ مرداد ۱۴۰۳، ۱۷:۲۰:۱۹ (UTC)"
  },
  "geoData": {
    "latitude": 0.0,
    "longitude": 0.0,
    "altitude": 0.0,
    "latitudeSpan": 0.0,
    "longitudeSpan": 0.0
  },
  "geoDataExif": {
    "latitude": 0.0,
    "longitude": 0.0,
    "altitude": 0.0,
    "latitudeSpan": 0.0,
    "longitudeSpan": 0.0
  },
  "url": "https://photos.google.com/photo/AF1QipOjxDdnGmmupx0MrFaCZEJxWnwgbsZE2ktWWjRJ",
  "googlePhotosOrigin": {
    "mobileUpload": {
      "deviceFolder": {
        "localFolderName": ""
      },
      "deviceType": "ANDROID_PHONE"
    }
  }
}