{
  "title": "Screenshot_۲۰۲۴-۰۹-۰۷-۱۹-۵۰-۴۲-۹۸۹_com.android.chrome.jpg",
  "description": "",
  "imageViews": "0",
  "creationTime": {
    "timestamp": "1726527850",
    "formatted": "۲۶ شهریور ۱۴۰۳، ۲۳:۰۴:۱۰ (UTC)"
  },
  "photoTakenTime": {
    "timestamp": "1725726042",
    "formatted": "۱۷ شهریور ۱۴۰۳، ۱۶:۲۰:۴۲ (UTC)"
  },
  "geoData": {
    "latitude": 0.0,
    "longitude": 0.0,
    "altitude": 0.0,
    "latitudeSpan": 0.0,
    "longitudeSpan": 0.0
  },
  "geoDataExif": {
    "latitude": 0.0,
    "longitude": 0.0,
    "altitude": 0.0,
    "latitudeSpan": 0.0,
    "longitudeSpan": 0.0
  },
  "url": "https://photos.google.com/photo/AF1QipNmpM2T0x0s4EQYGWcosMZmjHMCcC3x3X4ez-zd",
  "googlePhotosOrigin": {
    "mobileUpload": {
      "deviceFolder": {
        "localFolderName": ""
      },
      "deviceType": "ANDROID_PHONE"
    }
  }
}