{
  "title": "Screenshot_۲۰۲۴-۰۸-۲۳-۱۱-۵۸-۴۶-۷۴۷_com.opera.browser.jpg",
  "description": "",
  "imageViews": "0",
  "creationTime": {
    "timestamp": "1726527765",
    "formatted": "۲۶ شهریور ۱۴۰۳، ۲۳:۰۲:۴۵ (UTC)"
  },
  "photoTakenTime": {
    "timestamp": "1724401726",
    "formatted": "۲ شهریور ۱۴۰۳، ۸:۲۸:۴۶ (UTC)"
  },
  "geoData": {
    "latitude": 0.0,
    "longitude": 0.0,
    "altitude": 0.0,
    "latitudeSpan": 0.0,
    "longitudeSpan": 0.0
  },
  "geoDataExif": {
    "latitude": 0.0,
    "longitude": 0.0,
    "altitude": 0.0,
    "latitudeSpan": 0.0,
    "longitudeSpan": 0.0
  },
  "url": "https://photos.google.com/photo/AF1QipO86CjZz1vmYgMGEWMfqwNKuLWP1WrKezXZ9bbl",
  "googlePhotosOrigin": {
    "mobileUpload": {
      "deviceFolder": {
        "localFolderName": ""
      },
      "deviceType": "ANDROID_PHONE"
    }
  }
}