{
  "title": "Screenshot_۲۰۲۴-۰۸-۲۳-۱۱-۵۴-۱۵-۸۴۸_com.opera.browser.jpg",
  "description": "",
  "imageViews": "0",
  "creationTime": {
    "timestamp": "1726527749",
    "formatted": "۲۶ شهریور ۱۴۰۳، ۲۳:۰۲:۲۹ (UTC)"
  },
  "photoTakenTime": {
    "timestamp": "1724401455",
    "formatted": "۲ شهریور ۱۴۰۳، ۸:۲۴:۱۵ (UTC)"
  },
  "geoData": {
    "latitude": 0.0,
    "longitude": 0.0,
    "altitude": 0.0,
    "latitudeSpan": 0.0,
    "longitudeSpan": 0.0
  },
  "geoDataExif": {
    "latitude": 0.0,
    "longitude": 0.0,
    "altitude": 0.0,
    "latitudeSpan": 0.0,
    "longitudeSpan": 0.0
  },
  "url": "https://photos.google.com/photo/AF1QipPI7op0yskEw-ONQ02EEPO2EUGVaYj_tUE2r8I1",
  "googlePhotosOrigin": {
    "mobileUpload": {
      "deviceFolder": {
        "localFolderName": ""
      },
      "deviceType": "ANDROID_PHONE"
    }
  }
}