{
  "title": "Screenshot_۲۰۲۴-۰۹-۰۷-۱۸-۱۶-۲۶-۹۲۸_com.instagram.android.jpg",
  "description": "",
  "imageViews": "0",
  "creationTime": {
    "timestamp": "1726527846",
    "formatted": "۲۶ شهریور ۱۴۰۳، ۲۳:۰۴:۰۶ (UTC)"
  },
  "photoTakenTime": {
    "timestamp": "1725720386",
    "formatted": "۱۷ شهریور ۱۴۰۳، ۱۴:۴۶:۲۶ (UTC)"
  },
  "geoData": {
    "latitude": 0.0,
    "longitude": 0.0,
    "altitude": 0.0,
    "latitudeSpan": 0.0,
    "longitudeSpan": 0.0
  },
  "geoDataExif": {
    "latitude": 0.0,
    "longitude": 0.0,
    "altitude": 0.0,
    "latitudeSpan": 0.0,
    "longitudeSpan": 0.0
  },
  "url": "https://photos.google.com/photo/AF1QipPeku7ISdkVLRhy0-rcNo9ZWA44zQ8j1v93pjFx",
  "googlePhotosOrigin": {
    "mobileUpload": {
      "deviceFolder": {
        "localFolderName": ""
      },
      "deviceType": "ANDROID_PHONE"
    }
  }
}