{
  "title": "Screenshot_۲۰۲۴-۰۸-۲۵-۰۳-۰۹-۴۲-۹۲۵_com.tronlink.global.jpg",
  "description": "",
  "imageViews": "0",
  "creationTime": {
    "timestamp": "1726527785",
    "formatted": "۲۶ شهریور ۱۴۰۳، ۲۳:۰۳:۰۵ (UTC)"
  },
  "photoTakenTime": {
    "timestamp": "1724542782",
    "formatted": "۳ شهریور ۱۴۰۳، ۲۳:۳۹:۴۲ (UTC)"
  },
  "geoData": {
    "latitude": 0.0,
    "longitude": 0.0,
    "altitude": 0.0,
    "latitudeSpan": 0.0,
    "longitudeSpan": 0.0
  },
  "geoDataExif": {
    "latitude": 0.0,
    "longitude": 0.0,
    "altitude": 0.0,
    "latitudeSpan": 0.0,
    "longitudeSpan": 0.0
  },
  "url": "https://photos.google.com/photo/AF1QipMHhJrDL2hfXBQCsUE-2CpKWwxjO3MeApC3QZA8",
  "googlePhotosOrigin": {
    "mobileUpload": {
      "deviceFolder": {
        "localFolderName": ""
      },
      "deviceType": "ANDROID_PHONE"
    }
  }
}