{
  "title": "Screenshot_۲۰۲۴-۰۸-۱۷-۱۰-۱۸-۴۴-۶۶۱_com.android.chrome.jpg",
  "description": "",
  "imageViews": "0",
  "creationTime": {
    "timestamp": "1726527721",
    "formatted": "۲۶ شهریور ۱۴۰۳، ۲۳:۰۲:۰۱ (UTC)"
  },
  "photoTakenTime": {
    "timestamp": "1723877324",
    "formatted": "۲۷ مرداد ۱۴۰۳، ۶:۴۸:۴۴ (UTC)"
  },
  "geoData": {
    "latitude": 0.0,
    "longitude": 0.0,
    "altitude": 0.0,
    "latitudeSpan": 0.0,
    "longitudeSpan": 0.0
  },
  "geoDataExif": {
    "latitude": 0.0,
    "longitude": 0.0,
    "altitude": 0.0,
    "latitudeSpan": 0.0,
    "longitudeSpan": 0.0
  },
  "url": "https://photos.google.com/photo/AF1QipM0Zb_sAf8VTNBA_C5OSQnXDmJqJfYy6mLc4MEe",
  "googlePhotosOrigin": {
    "mobileUpload": {
      "deviceFolder": {
        "localFolderName": ""
      },
      "deviceType": "ANDROID_PHONE"
    }
  }
}