{
  "title": "Screenshot_۲۰۲۴-۰۹-۰۷-۲۳-۲۲-۵۴-۱۵۹_pro.huobi.jpg",
  "description": "",
  "imageViews": "0",
  "creationTime": {
    "timestamp": "1726527850",
    "formatted": "۲۶ شهریور ۱۴۰۳، ۲۳:۰۴:۱۰ (UTC)"
  },
  "photoTakenTime": {
    "timestamp": "1725738774",
    "formatted": "۱۷ شهریور ۱۴۰۳، ۱۹:۵۲:۵۴ (UTC)"
  },
  "geoData": {
    "latitude": 0.0,
    "longitude": 0.0,
    "altitude": 0.0,
    "latitudeSpan": 0.0,
    "longitudeSpan": 0.0
  },
  "geoDataExif": {
    "latitude": 0.0,
    "longitude": 0.0,
    "altitude": 0.0,
    "latitudeSpan": 0.0,
    "longitudeSpan": 0.0
  },
  "url": "https://photos.google.com/photo/AF1QipOyjFSpv4tiN_dLk17kJNePnf2Gbj-vypsGR12P",
  "googlePhotosOrigin": {
    "mobileUpload": {
      "deviceFolder": {
        "localFolderName": ""
      },
      "deviceType": "ANDROID_PHONE"
    }
  }
}