{
  "title": "Screenshot_۲۰۲۴-۰۸-۲۳-۰۹-۴۸-۰۰-۳۶۰_com.android.chrome.jpg",
  "description": "",
  "imageViews": "0",
  "creationTime": {
    "timestamp": "1726527742",
    "formatted": "۲۶ شهریور ۱۴۰۳، ۲۳:۰۲:۲۲ (UTC)"
  },
  "photoTakenTime": {
    "timestamp": "1724393880",
    "formatted": "۲ شهریور ۱۴۰۳، ۶:۱۸:۰۰ (UTC)"
  },
  "geoData": {
    "latitude": 0.0,
    "longitude": 0.0,
    "altitude": 0.0,
    "latitudeSpan": 0.0,
    "longitudeSpan": 0.0
  },
  "geoDataExif": {
    "latitude": 0.0,
    "longitude": 0.0,
    "altitude": 0.0,
    "latitudeSpan": 0.0,
    "longitudeSpan": 0.0
  },
  "url": "https://photos.google.com/photo/AF1QipMX2shuA3YeoEhShM8xohzibD3CFu_keNXjtOJl",
  "googlePhotosOrigin": {
    "mobileUpload": {
      "deviceFolder": {
        "localFolderName": ""
      },
      "deviceType": "ANDROID_PHONE"
    }
  }
}