{
  "title": "Screenshot_۲۰۲۴-۰۹-۱۴-۲۱-۴۰-۳۹-۰۰۸_me.rainbow.jpg",
  "description": "",
  "imageViews": "0",
  "creationTime": {
    "timestamp": "1726527854",
    "formatted": "۲۶ شهریور ۱۴۰۳، ۲۳:۰۴:۱۴ (UTC)"
  },
  "photoTakenTime": {
    "timestamp": "1726337439",
    "formatted": "۲۴ شهریور ۱۴۰۳، ۱۸:۱۰:۳۹ (UTC)"
  },
  "geoData": {
    "latitude": 0.0,
    "longitude": 0.0,
    "altitude": 0.0,
    "latitudeSpan": 0.0,
    "longitudeSpan": 0.0
  },
  "geoDataExif": {
    "latitude": 0.0,
    "longitude": 0.0,
    "altitude": 0.0,
    "latitudeSpan": 0.0,
    "longitudeSpan": 0.0
  },
  "url": "https://photos.google.com/photo/AF1QipOERLcYRRPC_xO7MR0AgpmjlVJTzHpvKw-FPENz",
  "googlePhotosOrigin": {
    "mobileUpload": {
      "deviceFolder": {
        "localFolderName": ""
      },
      "deviceType": "ANDROID_PHONE"
    }
  }
}