{
  "title": "Screenshot_۲۰۲۴-۰۸-۲۳-۱۱-۵۵-۲۷-۲۴۲_com.opera.browser.jpg",
  "description": "",
  "imageViews": "0",
  "creationTime": {
    "timestamp": "1726527754",
    "formatted": "۲۶ شهریور ۱۴۰۳، ۲۳:۰۲:۳۴ (UTC)"
  },
  "photoTakenTime": {
    "timestamp": "1724401527",
    "formatted": "۲ شهریور ۱۴۰۳، ۸:۲۵:۲۷ (UTC)"
  },
  "geoData": {
    "latitude": 0.0,
    "longitude": 0.0,
    "altitude": 0.0,
    "latitudeSpan": 0.0,
    "longitudeSpan": 0.0
  },
  "geoDataExif": {
    "latitude": 0.0,
    "longitude": 0.0,
    "altitude": 0.0,
    "latitudeSpan": 0.0,
    "longitudeSpan": 0.0
  },
  "url": "https://photos.google.com/photo/AF1QipN9kVPfMdWXskbeFyScsx9qm-1mDayE5daadyiB",
  "googlePhotosOrigin": {
    "mobileUpload": {
      "deviceFolder": {
        "localFolderName": ""
      },
      "deviceType": "ANDROID_PHONE"
    }
  }
}