{
  "title": "Screenshot_۲۰۲۴-۰۸-۱۷-۰۱-۰۸-۰۰-۶۳۶_de.schildbach.wallet.jpg",
  "description": "",
  "imageViews": "0",
  "creationTime": {
    "timestamp": "1726527721",
    "formatted": "۲۶ شهریور ۱۴۰۳، ۲۳:۰۲:۰۱ (UTC)"
  },
  "photoTakenTime": {
    "timestamp": "1723844280",
    "formatted": "۲۶ مرداد ۱۴۰۳، ۲۱:۳۸:۰۰ (UTC)"
  },
  "geoData": {
    "latitude": 0.0,
    "longitude": 0.0,
    "altitude": 0.0,
    "latitudeSpan": 0.0,
    "longitudeSpan": 0.0
  },
  "geoDataExif": {
    "latitude": 0.0,
    "longitude": 0.0,
    "altitude": 0.0,
    "latitudeSpan": 0.0,
    "longitudeSpan": 0.0
  },
  "url": "https://photos.google.com/photo/AF1QipMcWm1LoNIV9xSVhu778kp9kvTRRLnRSStUXJKO",
  "googlePhotosOrigin": {
    "mobileUpload": {
      "deviceFolder": {
        "localFolderName": ""
      },
      "deviceType": "ANDROID_PHONE"
    }
  }
}