{
  "title": "Screenshot_۲۰۲۴-۰۸-۲۴-۱۶-۳۶-۱۲-۷۳۸_coin98.crypto.finance.media.jpg",
  "description": "",
  "imageViews": "0",
  "creationTime": {
    "timestamp": "1726527781",
    "formatted": "۲۶ شهریور ۱۴۰۳، ۲۳:۰۳:۰۱ (UTC)"
  },
  "photoTakenTime": {
    "timestamp": "1724504772",
    "formatted": "۳ شهریور ۱۴۰۳، ۱۳:۰۶:۱۲ (UTC)"
  },
  "geoData": {
    "latitude": 0.0,
    "longitude": 0.0,
    "altitude": 0.0,
    "latitudeSpan": 0.0,
    "longitudeSpan": 0.0
  },
  "geoDataExif": {
    "latitude": 0.0,
    "longitude": 0.0,
    "altitude": 0.0,
    "latitudeSpan": 0.0,
    "longitudeSpan": 0.0
  },
  "url": "https://photos.google.com/photo/AF1QipPO_573UKkztKM8eA3RUTaje31_k2ERGXF7s4mv",
  "googlePhotosOrigin": {
    "mobileUpload": {
      "deviceFolder": {
        "localFolderName": ""
      },
      "deviceType": "ANDROID_PHONE"
    }
  }
}