{
  "title": "Screenshot_۲۰۲۴-۰۸-۲۵-۰۰-۱۴-۵۱-۷۴۶_com.opera.browser.jpg",
  "description": "",
  "imageViews": "0",
  "creationTime": {
    "timestamp": "1726527781",
    "formatted": "۲۶ شهریور ۱۴۰۳، ۲۳:۰۳:۰۱ (UTC)"
  },
  "photoTakenTime": {
    "timestamp": "1724532291",
    "formatted": "۳ شهریور ۱۴۰۳، ۲۰:۴۴:۵۱ (UTC)"
  },
  "geoData": {
    "latitude": 0.0,
    "longitude": 0.0,
    "altitude": 0.0,
    "latitudeSpan": 0.0,
    "longitudeSpan": 0.0
  },
  "geoDataExif": {
    "latitude": 0.0,
    "longitude": 0.0,
    "altitude": 0.0,
    "latitudeSpan": 0.0,
    "longitudeSpan": 0.0
  },
  "url": "https://photos.google.com/photo/AF1QipOnh-MKYtn2U_9wgYhSxbsTCMd0vn_codop6Yqg",
  "googlePhotosOrigin": {
    "mobileUpload": {
      "deviceFolder": {
        "localFolderName": ""
      },
      "deviceType": "ANDROID_PHONE"
    }
  }
}