{
  "title": "Screenshot_۲۰۲۴-۰۸-۲۵-۲۱-۴۵-۳۶-۵۱۲_com.twitter.android.jpg",
  "description": "",
  "imageViews": "0",
  "creationTime": {
    "timestamp": "1726527795",
    "formatted": "۲۶ شهریور ۱۴۰۳، ۲۳:۰۳:۱۵ (UTC)"
  },
  "photoTakenTime": {
    "timestamp": "1724609736",
    "formatted": "۴ شهریور ۱۴۰۳، ۱۸:۱۵:۳۶ (UTC)"
  },
  "geoData": {
    "latitude": 0.0,
    "longitude": 0.0,
    "altitude": 0.0,
    "latitudeSpan": 0.0,
    "longitudeSpan": 0.0
  },
  "geoDataExif": {
    "latitude": 0.0,
    "longitude": 0.0,
    "altitude": 0.0,
    "latitudeSpan": 0.0,
    "longitudeSpan": 0.0
  },
  "url": "https://photos.google.com/photo/AF1QipO5Tlo02hg7tY5XmKwKtc-qAy3RV4Dh78W9oOBB",
  "googlePhotosOrigin": {
    "mobileUpload": {
      "deviceFolder": {
        "localFolderName": ""
      },
      "deviceType": "ANDROID_PHONE"
    }
  }
}