{
  "title": "Screenshot_۲۰۲۴-۰۸-۱۷-۰۱-۰۹-۳۲-۱۷۱_de.schildbach.wallet.jpg",
  "description": "",
  "imageViews": "0",
  "creationTime": {
    "timestamp": "1726527712",
    "formatted": "۲۶ شهریور ۱۴۰۳، ۲۳:۰۱:۵۲ (UTC)"
  },
  "photoTakenTime": {
    "timestamp": "1723844372",
    "formatted": "۲۶ مرداد ۱۴۰۳، ۲۱:۳۹:۳۲ (UTC)"
  },
  "geoData": {
    "latitude": 0.0,
    "longitude": 0.0,
    "altitude": 0.0,
    "latitudeSpan": 0.0,
    "longitudeSpan": 0.0
  },
  "geoDataExif": {
    "latitude": 0.0,
    "longitude": 0.0,
    "altitude": 0.0,
    "latitudeSpan": 0.0,
    "longitudeSpan": 0.0
  },
  "url": "https://photos.google.com/photo/AF1QipPt_M97n_Wn3ThoIbYTPXa75OSYL58t1m_adHUt",
  "googlePhotosOrigin": {
    "mobileUpload": {
      "deviceFolder": {
        "localFolderName": ""
      },
      "deviceType": "ANDROID_PHONE"
    }
  }
}