{
  "title": "Screenshot_۲۰۲۴-۰۸-۲۶-۲۲-۲۷-۵۷-۵۷۱_com.opera.browser.jpg",
  "description": "",
  "imageViews": "0",
  "creationTime": {
    "timestamp": "1726527795",
    "formatted": "۲۶ شهریور ۱۴۰۳، ۲۳:۰۳:۱۵ (UTC)"
  },
  "photoTakenTime": {
    "timestamp": "1724698677",
    "formatted": "۵ شهریور ۱۴۰۳، ۱۸:۵۷:۵۷ (UTC)"
  },
  "geoData": {
    "latitude": 0.0,
    "longitude": 0.0,
    "altitude": 0.0,
    "latitudeSpan": 0.0,
    "longitudeSpan": 0.0
  },
  "geoDataExif": {
    "latitude": 0.0,
    "longitude": 0.0,
    "altitude": 0.0,
    "latitudeSpan": 0.0,
    "longitudeSpan": 0.0
  },
  "url": "https://photos.google.com/photo/AF1QipNjFKfieFOMyJX7sfUgp5gTHn4Me6txt1Q7hVY2",
  "googlePhotosOrigin": {
    "mobileUpload": {
      "deviceFolder": {
        "localFolderName": ""
      },
      "deviceType": "ANDROID_PHONE"
    }
  }
}