{
  "title": "Screenshot_۲۰۲۴-۰۹-۰۷-۱۹-۵۰-۳۶-۹۳۶_com.android.chrome.jpg",
  "description": "",
  "imageViews": "0",
  "creationTime": {
    "timestamp": "1726527846",
    "formatted": "۲۶ شهریور ۱۴۰۳، ۲۳:۰۴:۰۶ (UTC)"
  },
  "photoTakenTime": {
    "timestamp": "1725726036",
    "formatted": "۱۷ شهریور ۱۴۰۳، ۱۶:۲۰:۳۶ (UTC)"
  },
  "geoData": {
    "latitude": 0.0,
    "longitude": 0.0,
    "altitude": 0.0,
    "latitudeSpan": 0.0,
    "longitudeSpan": 0.0
  },
  "geoDataExif": {
    "latitude": 0.0,
    "longitude": 0.0,
    "altitude": 0.0,
    "latitudeSpan": 0.0,
    "longitudeSpan": 0.0
  },
  "url": "https://photos.google.com/photo/AF1QipOaBPm_2uyIR53LiSegC6KfunPl2SzJRiiX8N5E",
  "googlePhotosOrigin": {
    "mobileUpload": {
      "deviceFolder": {
        "localFolderName": ""
      },
      "deviceType": "ANDROID_PHONE"
    }
  }
}