{
  "title": "Screenshot_۲۰۲۴-۰۸-۲۵-۰۳-۴۲-۱۱-۰۱۲_com.opera.browser.jpg",
  "description": "",
  "imageViews": "0",
  "creationTime": {
    "timestamp": "1726527789",
    "formatted": "۲۶ شهریور ۱۴۰۳، ۲۳:۰۳:۰۹ (UTC)"
  },
  "photoTakenTime": {
    "timestamp": "1724544731",
    "formatted": "۴ شهریور ۱۴۰۳، ۰:۱۲:۱۱ (UTC)"
  },
  "geoData": {
    "latitude": 0.0,
    "longitude": 0.0,
    "altitude": 0.0,
    "latitudeSpan": 0.0,
    "longitudeSpan": 0.0
  },
  "geoDataExif": {
    "latitude": 0.0,
    "longitude": 0.0,
    "altitude": 0.0,
    "latitudeSpan": 0.0,
    "longitudeSpan": 0.0
  },
  "url": "https://photos.google.com/photo/AF1QipMglWD4hNiGXocgr0Pxud1fzGYZjoVF9Ml-e9MB",
  "googlePhotosOrigin": {
    "mobileUpload": {
      "deviceFolder": {
        "localFolderName": ""
      },
      "deviceType": "ANDROID_PHONE"
    }
  }
}