{
  "title": "Screenshot_۲۰۲۴-۰۸-۲۳-۱۱-۵۲-۱۳-۱۰۱_com.opera.browser.jpg",
  "description": "",
  "imageViews": "0",
  "creationTime": {
    "timestamp": "1726527749",
    "formatted": "۲۶ شهریور ۱۴۰۳، ۲۳:۰۲:۲۹ (UTC)"
  },
  "photoTakenTime": {
    "timestamp": "1724401333",
    "formatted": "۲ شهریور ۱۴۰۳، ۸:۲۲:۱۳ (UTC)"
  },
  "geoData": {
    "latitude": 0.0,
    "longitude": 0.0,
    "altitude": 0.0,
    "latitudeSpan": 0.0,
    "longitudeSpan": 0.0
  },
  "geoDataExif": {
    "latitude": 0.0,
    "longitude": 0.0,
    "altitude": 0.0,
    "latitudeSpan": 0.0,
    "longitudeSpan": 0.0
  },
  "url": "https://photos.google.com/photo/AF1QipMvTBVptWuojnZRpXL-mS3TtAbYXzQU811qi_ko",
  "googlePhotosOrigin": {
    "mobileUpload": {
      "deviceFolder": {
        "localFolderName": ""
      },
      "deviceType": "ANDROID_PHONE"
    }
  }
}