{
  "title": "Screenshot_۲۰۲۴-۰۸-۲۳-۱۱-۴۰-۲۵-۴۶۴_com.opera.browser.jpg",
  "description": "",
  "imageViews": "0",
  "creationTime": {
    "timestamp": "1726527746",
    "formatted": "۲۶ شهریور ۱۴۰۳، ۲۳:۰۲:۲۶ (UTC)"
  },
  "photoTakenTime": {
    "timestamp": "1724400625",
    "formatted": "۲ شهریور ۱۴۰۳، ۸:۱۰:۲۵ (UTC)"
  },
  "geoData": {
    "latitude": 0.0,
    "longitude": 0.0,
    "altitude": 0.0,
    "latitudeSpan": 0.0,
    "longitudeSpan": 0.0
  },
  "geoDataExif": {
    "latitude": 0.0,
    "longitude": 0.0,
    "altitude": 0.0,
    "latitudeSpan": 0.0,
    "longitudeSpan": 0.0
  },
  "url": "https://photos.google.com/photo/AF1QipMHTQdK73Zu7cTxj3bHjbt5JGdsoSINC71d1Kb4",
  "googlePhotosOrigin": {
    "mobileUpload": {
      "deviceFolder": {
        "localFolderName": ""
      },
      "deviceType": "ANDROID_PHONE"
    }
  }
}