{
  "title": "Screenshot_۲۰۲۴-۰۸-۲۰-۱۵-۴۳-۳۱-۱۱۷_com.binance.dev.jpg",
  "description": "",
  "imageViews": "0",
  "creationTime": {
    "timestamp": "1726527733",
    "formatted": "۲۶ شهریور ۱۴۰۳، ۲۳:۰۲:۱۳ (UTC)"
  },
  "photoTakenTime": {
    "timestamp": "1724156011",
    "formatted": "۳۰ مرداد ۱۴۰۳، ۱۲:۱۳:۳۱ (UTC)"
  },
  "geoData": {
    "latitude": 0.0,
    "longitude": 0.0,
    "altitude": 0.0,
    "latitudeSpan": 0.0,
    "longitudeSpan": 0.0
  },
  "geoDataExif": {
    "latitude": 0.0,
    "longitude": 0.0,
    "altitude": 0.0,
    "latitudeSpan": 0.0,
    "longitudeSpan": 0.0
  },
  "url": "https://photos.google.com/photo/AF1QipOk6caVvmEkCzimWBMtlRCr6p5-iNuMqmIvZYjB",
  "googlePhotosOrigin": {
    "mobileUpload": {
      "deviceFolder": {
        "localFolderName": ""
      },
      "deviceType": "ANDROID_PHONE"
    }
  }
}