{
  "title": "Screenshot_۲۰۲۴-۰۸-۲۳-۲۰-۵۳-۱۶-۴۷۶_com.android.chrome.jpg",
  "description": "",
  "imageViews": "0",
  "creationTime": {
    "timestamp": "1726527769",
    "formatted": "۲۶ شهریور ۱۴۰۳، ۲۳:۰۲:۴۹ (UTC)"
  },
  "photoTakenTime": {
    "timestamp": "1724433796",
    "formatted": "۲ شهریور ۱۴۰۳، ۱۷:۲۳:۱۶ (UTC)"
  },
  "geoData": {
    "latitude": 0.0,
    "longitude": 0.0,
    "altitude": 0.0,
    "latitudeSpan": 0.0,
    "longitudeSpan": 0.0
  },
  "geoDataExif": {
    "latitude": 0.0,
    "longitude": 0.0,
    "altitude": 0.0,
    "latitudeSpan": 0.0,
    "longitudeSpan": 0.0
  },
  "url": "https://photos.google.com/photo/AF1QipPuekor25UM6SfbH_3-KDY8-6QzB7o_lcEUWPmC",
  "googlePhotosOrigin": {
    "mobileUpload": {
      "deviceFolder": {
        "localFolderName": ""
      },
      "deviceType": "ANDROID_PHONE"
    }
  }
}