{
  "title": "Screenshot_۲۰۲۴-۰۸-۲۴-۱۵-۵۷-۰۷-۷۴۰_com.instagram.android.jpg",
  "description": "",
  "imageViews": "0",
  "creationTime": {
    "timestamp": "1726527777",
    "formatted": "۲۶ شهریور ۱۴۰۳، ۲۳:۰۲:۵۷ (UTC)"
  },
  "photoTakenTime": {
    "timestamp": "1724502427",
    "formatted": "۳ شهریور ۱۴۰۳، ۱۲:۲۷:۰۷ (UTC)"
  },
  "geoData": {
    "latitude": 0.0,
    "longitude": 0.0,
    "altitude": 0.0,
    "latitudeSpan": 0.0,
    "longitudeSpan": 0.0
  },
  "geoDataExif": {
    "latitude": 0.0,
    "longitude": 0.0,
    "altitude": 0.0,
    "latitudeSpan": 0.0,
    "longitudeSpan": 0.0
  },
  "url": "https://photos.google.com/photo/AF1QipNnjM0zQhvXZ0ZwT48FD9BNnc7QaGBl8kNIB-kH",
  "googlePhotosOrigin": {
    "mobileUpload": {
      "deviceFolder": {
        "localFolderName": ""
      },
      "deviceType": "ANDROID_PHONE"
    }
  }
}