{
  "title": "Screenshot_۲۰۲۴-۰۹-۰۲-۲۲-۳۴-۴۰-۱۱۳_com.binance.dev.jpg",
  "description": "",
  "imageViews": "0",
  "creationTime": {
    "timestamp": "1726527808",
    "formatted": "۲۶ شهریور ۱۴۰۳، ۲۳:۰۳:۲۸ (UTC)"
  },
  "photoTakenTime": {
    "timestamp": "1725303880",
    "formatted": "۱۲ شهریور ۱۴۰۳، ۱۹:۰۴:۴۰ (UTC)"
  },
  "geoData": {
    "latitude": 0.0,
    "longitude": 0.0,
    "altitude": 0.0,
    "latitudeSpan": 0.0,
    "longitudeSpan": 0.0
  },
  "geoDataExif": {
    "latitude": 0.0,
    "longitude": 0.0,
    "altitude": 0.0,
    "latitudeSpan": 0.0,
    "longitudeSpan": 0.0
  },
  "url": "https://photos.google.com/photo/AF1QipND5nSm9_2GUe8IScE8dkj0NFzWHxIOtOKouHeD",
  "googlePhotosOrigin": {
    "mobileUpload": {
      "deviceFolder": {
        "localFolderName": ""
      },
      "deviceType": "ANDROID_PHONE"
    }
  }
}