{
  "title": "Screenshot_۲۰۲۴-۰۹-۰۵-۱۵-۰۴-۴۱-۰۵۸_org.telegram.messenger.jpg",
  "description": "",
  "imageViews": "0",
  "creationTime": {
    "timestamp": "1726527835",
    "formatted": "۲۶ شهریور ۱۴۰۳، ۲۳:۰۳:۵۵ (UTC)"
  },
  "photoTakenTime": {
    "timestamp": "1725536081",
    "formatted": "۱۵ شهریور ۱۴۰۳، ۱۱:۳۴:۴۱ (UTC)"
  },
  "geoData": {
    "latitude": 0.0,
    "longitude": 0.0,
    "altitude": 0.0,
    "latitudeSpan": 0.0,
    "longitudeSpan": 0.0
  },
  "geoDataExif": {
    "latitude": 0.0,
    "longitude": 0.0,
    "altitude": 0.0,
    "latitudeSpan": 0.0,
    "longitudeSpan": 0.0
  },
  "url": "https://photos.google.com/photo/AF1QipOZhnOcCM8bf_Bvx4Gk70A8aaVQmXnu4IMZVwlu",
  "googlePhotosOrigin": {
    "mobileUpload": {
      "deviceFolder": {
        "localFolderName": ""
      },
      "deviceType": "ANDROID_PHONE"
    }
  }
}