{
  "title": "Screenshot_۲۰۲۴-۰۸-۲۲-۰۱-۲۷-۵۶-۶۷۷_org.telegram.messenger.jpg",
  "description": "",
  "imageViews": "0",
  "creationTime": {
    "timestamp": "1726527733",
    "formatted": "۲۶ شهریور ۱۴۰۳، ۲۳:۰۲:۱۳ (UTC)"
  },
  "photoTakenTime": {
    "timestamp": "1724277476",
    "formatted": "۳۱ مرداد ۱۴۰۳، ۲۱:۵۷:۵۶ (UTC)"
  },
  "geoData": {
    "latitude": 0.0,
    "longitude": 0.0,
    "altitude": 0.0,
    "latitudeSpan": 0.0,
    "longitudeSpan": 0.0
  },
  "geoDataExif": {
    "latitude": 0.0,
    "longitude": 0.0,
    "altitude": 0.0,
    "latitudeSpan": 0.0,
    "longitudeSpan": 0.0
  },
  "url": "https://photos.google.com/photo/AF1QipPYluJLiL8vEkKDZOpewBMnFFz6wwYraybF7SlN",
  "googlePhotosOrigin": {
    "mobileUpload": {
      "deviceFolder": {
        "localFolderName": ""
      },
      "deviceType": "ANDROID_PHONE"
    }
  }
}