{
  "title": "Screenshot_۲۰۲۴-۰۸-۲۳-۱۱-۵۶-۴۵-۸۷۲_com.opera.browser.jpg",
  "description": "",
  "imageViews": "0",
  "creationTime": {
    "timestamp": "1726527758",
    "formatted": "۲۶ شهریور ۱۴۰۳، ۲۳:۰۲:۳۸ (UTC)"
  },
  "photoTakenTime": {
    "timestamp": "1724401605",
    "formatted": "۲ شهریور ۱۴۰۳، ۸:۲۶:۴۵ (UTC)"
  },
  "geoData": {
    "latitude": 0.0,
    "longitude": 0.0,
    "altitude": 0.0,
    "latitudeSpan": 0.0,
    "longitudeSpan": 0.0
  },
  "geoDataExif": {
    "latitude": 0.0,
    "longitude": 0.0,
    "altitude": 0.0,
    "latitudeSpan": 0.0,
    "longitudeSpan": 0.0
  },
  "url": "https://photos.google.com/photo/AF1QipOjtRBhXXu653UlVi_aPHqBkaQqcq3-7w2QI8xk",
  "googlePhotosOrigin": {
    "mobileUpload": {
      "deviceFolder": {
        "localFolderName": ""
      },
      "deviceType": "ANDROID_PHONE"
    }
  }
}