{
  "title": "Screenshot_۲۰۲۴-۰۹-۱۴-۲۲-۴۲-۰۳-۳۱۷_com.opera.browser.jpg",
  "description": "",
  "imageViews": "0",
  "creationTime": {
    "timestamp": "1726527858",
    "formatted": "۲۶ شهریور ۱۴۰۳، ۲۳:۰۴:۱۸ (UTC)"
  },
  "photoTakenTime": {
    "timestamp": "1726341123",
    "formatted": "۲۴ شهریور ۱۴۰۳، ۱۹:۱۲:۰۳ (UTC)"
  },
  "geoData": {
    "latitude": 0.0,
    "longitude": 0.0,
    "altitude": 0.0,
    "latitudeSpan": 0.0,
    "longitudeSpan": 0.0
  },
  "geoDataExif": {
    "latitude": 0.0,
    "longitude": 0.0,
    "altitude": 0.0,
    "latitudeSpan": 0.0,
    "longitudeSpan": 0.0
  },
  "url": "https://photos.google.com/photo/AF1QipMA1q0v2vj8ZTb6ECofw-E0Icnr2fQ3v-jcSPGF",
  "googlePhotosOrigin": {
    "mobileUpload": {
      "deviceFolder": {
        "localFolderName": ""
      },
      "deviceType": "ANDROID_PHONE"
    }
  }
}