{
  "title": "Screenshot_۲۰۲۴-۰۸-۲۰-۱۵-۰۰-۰۴-۳۶۵_com.instagram.android.jpg",
  "description": "",
  "imageViews": "0",
  "creationTime": {
    "timestamp": "1726527730",
    "formatted": "۲۶ شهریور ۱۴۰۳، ۲۳:۰۲:۱۰ (UTC)"
  },
  "photoTakenTime": {
    "timestamp": "1724153404",
    "formatted": "۳۰ مرداد ۱۴۰۳، ۱۱:۳۰:۰۴ (UTC)"
  },
  "geoData": {
    "latitude": 0.0,
    "longitude": 0.0,
    "altitude": 0.0,
    "latitudeSpan": 0.0,
    "longitudeSpan": 0.0
  },
  "geoDataExif": {
    "latitude": 0.0,
    "longitude": 0.0,
    "altitude": 0.0,
    "latitudeSpan": 0.0,
    "longitudeSpan": 0.0
  },
  "url": "https://photos.google.com/photo/AF1QipNWxjdT870iSw-3ADJ7JrHFSfb7A-QgvLwdA6ci",
  "googlePhotosOrigin": {
    "mobileUpload": {
      "deviceFolder": {
        "localFolderName": ""
      },
      "deviceType": "ANDROID_PHONE"
    }
  }
}