{
  "title": "Screenshot_۲۰۲۴-۰۸-۲۳-۱۱-۵۷-۳۲-۶۹۸_com.opera.browser.jpg",
  "description": "",
  "imageViews": "0",
  "creationTime": {
    "timestamp": "1726527762",
    "formatted": "۲۶ شهریور ۱۴۰۳، ۲۳:۰۲:۴۲ (UTC)"
  },
  "photoTakenTime": {
    "timestamp": "1724401652",
    "formatted": "۲ شهریور ۱۴۰۳، ۸:۲۷:۳۲ (UTC)"
  },
  "geoData": {
    "latitude": 0.0,
    "longitude": 0.0,
    "altitude": 0.0,
    "latitudeSpan": 0.0,
    "longitudeSpan": 0.0
  },
  "geoDataExif": {
    "latitude": 0.0,
    "longitude": 0.0,
    "altitude": 0.0,
    "latitudeSpan": 0.0,
    "longitudeSpan": 0.0
  },
  "url": "https://photos.google.com/photo/AF1QipO97PCwKAfY213BXs3QDwQnURHX-XMLvnlX3LP4",
  "googlePhotosOrigin": {
    "mobileUpload": {
      "deviceFolder": {
        "localFolderName": ""
      },
      "deviceType": "ANDROID_PHONE"
    }
  }
}