{
  "title": "Screenshot_۲۰۲۴-۰۸-۲۳-۱۱-۵۸-۰۱-۳۵۲_com.opera.browser.jpg",
  "description": "",
  "imageViews": "0",
  "creationTime": {
    "timestamp": "1726527762",
    "formatted": "۲۶ شهریور ۱۴۰۳، ۲۳:۰۲:۴۲ (UTC)"
  },
  "photoTakenTime": {
    "timestamp": "1724401681",
    "formatted": "۲ شهریور ۱۴۰۳، ۸:۲۸:۰۱ (UTC)"
  },
  "geoData": {
    "latitude": 0.0,
    "longitude": 0.0,
    "altitude": 0.0,
    "latitudeSpan": 0.0,
    "longitudeSpan": 0.0
  },
  "geoDataExif": {
    "latitude": 0.0,
    "longitude": 0.0,
    "altitude": 0.0,
    "latitudeSpan": 0.0,
    "longitudeSpan": 0.0
  },
  "url": "https://photos.google.com/photo/AF1QipNlaJ2KZGYzFIwiBfmG33RVBTP6zYwbeX8KOHkW",
  "googlePhotosOrigin": {
    "mobileUpload": {
      "deviceFolder": {
        "localFolderName": ""
      },
      "deviceType": "ANDROID_PHONE"
    }
  }
}