{
  "title": "Screenshot_۲۰۲۴-۰۹-۱۶-۲۲-۳۴-۴۱-۹۸۶_com.coinmarketcap.android.jpg",
  "description": "",
  "imageViews": "0",
  "creationTime": {
    "timestamp": "1726527870",
    "formatted": "۲۶ شهریور ۱۴۰۳، ۲۳:۰۴:۳۰ (UTC)"
  },
  "photoTakenTime": {
    "timestamp": "1726513481",
    "formatted": "۲۶ شهریور ۱۴۰۳، ۱۹:۰۴:۴۱ (UTC)"
  },
  "geoData": {
    "latitude": 0.0,
    "longitude": 0.0,
    "altitude": 0.0,
    "latitudeSpan": 0.0,
    "longitudeSpan": 0.0
  },
  "geoDataExif": {
    "latitude": 0.0,
    "longitude": 0.0,
    "altitude": 0.0,
    "latitudeSpan": 0.0,
    "longitudeSpan": 0.0
  },
  "url": "https://photos.google.com/photo/AF1QipOiM_AcUBDpGF6hWwN8yFQ4Xizb_oO4oMspecba",
  "googlePhotosOrigin": {
    "mobileUpload": {
      "deviceFolder": {
        "localFolderName": ""
      },
      "deviceType": "ANDROID_PHONE"
    }
  }
}