{
  "title": "Screenshot_۲۰۲۴-۰۸-۱۹-۲۰-۰۳-۲۳-۱۰۳_com.binance.dev.jpg",
  "description": "",
  "imageViews": "0",
  "creationTime": {
    "timestamp": "1726527730",
    "formatted": "۲۶ شهریور ۱۴۰۳، ۲۳:۰۲:۱۰ (UTC)"
  },
  "photoTakenTime": {
    "timestamp": "1724085203",
    "formatted": "۲۹ مرداد ۱۴۰۳، ۱۶:۳۳:۲۳ (UTC)"
  },
  "geoData": {
    "latitude": 0.0,
    "longitude": 0.0,
    "altitude": 0.0,
    "latitudeSpan": 0.0,
    "longitudeSpan": 0.0
  },
  "geoDataExif": {
    "latitude": 0.0,
    "longitude": 0.0,
    "altitude": 0.0,
    "latitudeSpan": 0.0,
    "longitudeSpan": 0.0
  },
  "url": "https://photos.google.com/photo/AF1QipNLvb_Y-LMR6u_ftFLlDBrKebMn6PVRRxarOu0Z",
  "googlePhotosOrigin": {
    "mobileUpload": {
      "deviceFolder": {
        "localFolderName": ""
      },
      "deviceType": "ANDROID_PHONE"
    }
  }
}