{
  "title": "Screenshot_۲۰۲۴-۰۹-۱۵-۰۷-۰۷-۴۱-۴۲۳_com.opera.browser.jpg",
  "description": "",
  "imageViews": "0",
  "creationTime": {
    "timestamp": "1726527862",
    "formatted": "۲۶ شهریور ۱۴۰۳، ۲۳:۰۴:۲۲ (UTC)"
  },
  "photoTakenTime": {
    "timestamp": "1726371461",
    "formatted": "۲۵ شهریور ۱۴۰۳، ۳:۳۷:۴۱ (UTC)"
  },
  "geoData": {
    "latitude": 0.0,
    "longitude": 0.0,
    "altitude": 0.0,
    "latitudeSpan": 0.0,
    "longitudeSpan": 0.0
  },
  "geoDataExif": {
    "latitude": 0.0,
    "longitude": 0.0,
    "altitude": 0.0,
    "latitudeSpan": 0.0,
    "longitudeSpan": 0.0
  },
  "url": "https://photos.google.com/photo/AF1QipOM-DxfnP5llFVKuj_abV7DrjYv0cGfExrVf5BW",
  "googlePhotosOrigin": {
    "mobileUpload": {
      "deviceFolder": {
        "localFolderName": ""
      },
      "deviceType": "ANDROID_PHONE"
    }
  }
}