{
  "title": "Screenshot_۲۰۲۴-۰۹-۱۴-۲۲-۵۹-۴۲-۵۶۹_com.opera.browser.jpg",
  "description": "",
  "imageViews": "0",
  "creationTime": {
    "timestamp": "1726527858",
    "formatted": "۲۶ شهریور ۱۴۰۳، ۲۳:۰۴:۱۸ (UTC)"
  },
  "photoTakenTime": {
    "timestamp": "1726342182",
    "formatted": "۲۴ شهریور ۱۴۰۳، ۱۹:۲۹:۴۲ (UTC)"
  },
  "geoData": {
    "latitude": 0.0,
    "longitude": 0.0,
    "altitude": 0.0,
    "latitudeSpan": 0.0,
    "longitudeSpan": 0.0
  },
  "geoDataExif": {
    "latitude": 0.0,
    "longitude": 0.0,
    "altitude": 0.0,
    "latitudeSpan": 0.0,
    "longitudeSpan": 0.0
  },
  "url": "https://photos.google.com/photo/AF1QipP56NSklXRoTCL3UUC6V2bT4NHjFV6Z5CRWET9Z",
  "googlePhotosOrigin": {
    "mobileUpload": {
      "deviceFolder": {
        "localFolderName": ""
      },
      "deviceType": "ANDROID_PHONE"
    }
  }
}