{
  "title": "Screenshot_۲۰۲۴-۰۸-۲۷-۲۱-۲۳-۵۱-۳۰۱_com.bitkeep.wallet.jpg",
  "description": "",
  "imageViews": "0",
  "creationTime": {
    "timestamp": "1726527804",
    "formatted": "۲۶ شهریور ۱۴۰۳، ۲۳:۰۳:۲۴ (UTC)"
  },
  "photoTakenTime": {
    "timestamp": "1724781231",
    "formatted": "۶ شهریور ۱۴۰۳، ۱۷:۵۳:۵۱ (UTC)"
  },
  "geoData": {
    "latitude": 0.0,
    "longitude": 0.0,
    "altitude": 0.0,
    "latitudeSpan": 0.0,
    "longitudeSpan": 0.0
  },
  "geoDataExif": {
    "latitude": 0.0,
    "longitude": 0.0,
    "altitude": 0.0,
    "latitudeSpan": 0.0,
    "longitudeSpan": 0.0
  },
  "url": "https://photos.google.com/photo/AF1QipNzqnX_AV-2CBimrkt56m-9mdITBgeCv4a8vAaf",
  "googlePhotosOrigin": {
    "mobileUpload": {
      "deviceFolder": {
        "localFolderName": ""
      },
      "deviceType": "ANDROID_PHONE"
    }
  }
}