{
  "title": "Screenshot_۲۰۲۴-۰۸-۲۴-۰۳-۴۲-۴۳-۰۶۳_org.telegram.messenger.jpg",
  "description": "",
  "imageViews": "0",
  "creationTime": {
    "timestamp": "1726527772",
    "formatted": "۲۶ شهریور ۱۴۰۳، ۲۳:۰۲:۵۲ (UTC)"
  },
  "photoTakenTime": {
    "timestamp": "1724458363",
    "formatted": "۳ شهریور ۱۴۰۳، ۰:۱۲:۴۳ (UTC)"
  },
  "geoData": {
    "latitude": 0.0,
    "longitude": 0.0,
    "altitude": 0.0,
    "latitudeSpan": 0.0,
    "longitudeSpan": 0.0
  },
  "geoDataExif": {
    "latitude": 0.0,
    "longitude": 0.0,
    "altitude": 0.0,
    "latitudeSpan": 0.0,
    "longitudeSpan": 0.0
  },
  "url": "https://photos.google.com/photo/AF1QipMujUZmOtBIdpcnr1gtUIsffophn_pK4SYimAYI",
  "googlePhotosOrigin": {
    "mobileUpload": {
      "deviceFolder": {
        "localFolderName": ""
      },
      "deviceType": "ANDROID_PHONE"
    }
  }
}