{
  "title": "Screenshot_۲۰۲۴-۰۸-۲۷-۱۶-۴۷-۲۳-۶۳۲_com.binance.dev.jpg",
  "description": "",
  "imageViews": "0",
  "creationTime": {
    "timestamp": "1726527804",
    "formatted": "۲۶ شهریور ۱۴۰۳، ۲۳:۰۳:۲۴ (UTC)"
  },
  "photoTakenTime": {
    "timestamp": "1724764643",
    "formatted": "۶ شهریور ۱۴۰۳، ۱۳:۱۷:۲۳ (UTC)"
  },
  "geoData": {
    "latitude": 0.0,
    "longitude": 0.0,
    "altitude": 0.0,
    "latitudeSpan": 0.0,
    "longitudeSpan": 0.0
  },
  "geoDataExif": {
    "latitude": 0.0,
    "longitude": 0.0,
    "altitude": 0.0,
    "latitudeSpan": 0.0,
    "longitudeSpan": 0.0
  },
  "url": "https://photos.google.com/photo/AF1QipPzk3Ohe1XHZ9HyV5zpLzKc6gKdqDGOfHzf8L9Z",
  "googlePhotosOrigin": {
    "mobileUpload": {
      "deviceFolder": {
        "localFolderName": ""
      },
      "deviceType": "ANDROID_PHONE"
    }
  }
}