{
  "title": "Screenshot_۲۰۲۴-۰۸-۲۳-۲۱-۳۷-۱۹-۱۱۸_com.android.chrome.jpg",
  "description": "",
  "imageViews": "0",
  "creationTime": {
    "timestamp": "1726527769",
    "formatted": "۲۶ شهریور ۱۴۰۳، ۲۳:۰۲:۴۹ (UTC)"
  },
  "photoTakenTime": {
    "timestamp": "1724436439",
    "formatted": "۲ شهریور ۱۴۰۳، ۱۸:۰۷:۱۹ (UTC)"
  },
  "geoData": {
    "latitude": 0.0,
    "longitude": 0.0,
    "altitude": 0.0,
    "latitudeSpan": 0.0,
    "longitudeSpan": 0.0
  },
  "geoDataExif": {
    "latitude": 0.0,
    "longitude": 0.0,
    "altitude": 0.0,
    "latitudeSpan": 0.0,
    "longitudeSpan": 0.0
  },
  "url": "https://photos.google.com/photo/AF1QipPpGvcxaZHO834uA8-a6JOvyo9DRhesS6B10uYM",
  "googlePhotosOrigin": {
    "mobileUpload": {
      "deviceFolder": {
        "localFolderName": ""
      },
      "deviceType": "ANDROID_PHONE"
    }
  }
}