{
  "title": "Screenshot_۲۰۲۴-۰۹-۱۶-۰۲-۵۸-۲۴-۷۸۲_org.telegram.messenger.jpg",
  "description": "",
  "imageViews": "0",
  "creationTime": {
    "timestamp": "1726527866",
    "formatted": "۲۶ شهریور ۱۴۰۳، ۲۳:۰۴:۲۶ (UTC)"
  },
  "photoTakenTime": {
    "timestamp": "1726442904",
    "formatted": "۲۵ شهریور ۱۴۰۳، ۲۳:۲۸:۲۴ (UTC)"
  },
  "geoData": {
    "latitude": 0.0,
    "longitude": 0.0,
    "altitude": 0.0,
    "latitudeSpan": 0.0,
    "longitudeSpan": 0.0
  },
  "geoDataExif": {
    "latitude": 0.0,
    "longitude": 0.0,
    "altitude": 0.0,
    "latitudeSpan": 0.0,
    "longitudeSpan": 0.0
  },
  "url": "https://photos.google.com/photo/AF1QipNJJp-PrhAjrolcTShZhTkoP2I24vwfXt6I6mQ7",
  "googlePhotosOrigin": {
    "mobileUpload": {
      "deviceFolder": {
        "localFolderName": ""
      },
      "deviceType": "ANDROID_PHONE"
    }
  }
}