{
  "title": "Screenshot_۲۰۲۴-۰۸-۲۴-۰۶-۲۴-۱۱-۱۵۰_com.android.chrome.jpg",
  "description": "",
  "imageViews": "0",
  "creationTime": {
    "timestamp": "1726527772",
    "formatted": "۲۶ شهریور ۱۴۰۳، ۲۳:۰۲:۵۲ (UTC)"
  },
  "photoTakenTime": {
    "timestamp": "1724468051",
    "formatted": "۳ شهریور ۱۴۰۳، ۲:۵۴:۱۱ (UTC)"
  },
  "geoData": {
    "latitude": 0.0,
    "longitude": 0.0,
    "altitude": 0.0,
    "latitudeSpan": 0.0,
    "longitudeSpan": 0.0
  },
  "geoDataExif": {
    "latitude": 0.0,
    "longitude": 0.0,
    "altitude": 0.0,
    "latitudeSpan": 0.0,
    "longitudeSpan": 0.0
  },
  "url": "https://photos.google.com/photo/AF1QipMEd_aTFQ4U4xOxY-KpHczjxMIVF-6imAPPid5c",
  "googlePhotosOrigin": {
    "mobileUpload": {
      "deviceFolder": {
        "localFolderName": ""
      },
      "deviceType": "ANDROID_PHONE"
    }
  }
}