{
  "title": "Screenshot_۲۰۲۴-۰۸-۲۳-۱۱-۵۴-۰۹-۴۲۳_com.opera.browser.jpg",
  "description": "",
  "imageViews": "0",
  "creationTime": {
    "timestamp": "1726527749",
    "formatted": "۲۶ شهریور ۱۴۰۳، ۲۳:۰۲:۲۹ (UTC)"
  },
  "photoTakenTime": {
    "timestamp": "1724401449",
    "formatted": "۲ شهریور ۱۴۰۳، ۸:۲۴:۰۹ (UTC)"
  },
  "geoData": {
    "latitude": 0.0,
    "longitude": 0.0,
    "altitude": 0.0,
    "latitudeSpan": 0.0,
    "longitudeSpan": 0.0
  },
  "geoDataExif": {
    "latitude": 0.0,
    "longitude": 0.0,
    "altitude": 0.0,
    "latitudeSpan": 0.0,
    "longitudeSpan": 0.0
  },
  "url": "https://photos.google.com/photo/AF1QipNO4nh3nZKE_7dyFkwJ-iHDs2s7lHN87DPaBmmY",
  "googlePhotosOrigin": {
    "mobileUpload": {
      "deviceFolder": {
        "localFolderName": ""
      },
      "deviceType": "ANDROID_PHONE"
    }
  }
}