{
  "title": "Screenshot_۲۰۲۴-۰۸-۲۳-۱۱-۵۷-۴۴-۵۰۸_com.opera.browser.jpg",
  "description": "",
  "imageViews": "0",
  "creationTime": {
    "timestamp": "1726527762",
    "formatted": "۲۶ شهریور ۱۴۰۳، ۲۳:۰۲:۴۲ (UTC)"
  },
  "photoTakenTime": {
    "timestamp": "1724401664",
    "formatted": "۲ شهریور ۱۴۰۳، ۸:۲۷:۴۴ (UTC)"
  },
  "geoData": {
    "latitude": 0.0,
    "longitude": 0.0,
    "altitude": 0.0,
    "latitudeSpan": 0.0,
    "longitudeSpan": 0.0
  },
  "geoDataExif": {
    "latitude": 0.0,
    "longitude": 0.0,
    "altitude": 0.0,
    "latitudeSpan": 0.0,
    "longitudeSpan": 0.0
  },
  "url": "https://photos.google.com/photo/AF1QipPIM_L0YZjp0zI8QgP4N86wqIFH2RMyP46BCjGj",
  "googlePhotosOrigin": {
    "mobileUpload": {
      "deviceFolder": {
        "localFolderName": ""
      },
      "deviceType": "ANDROID_PHONE"
    }
  }
}