{
  "title": "Screenshot_۲۰۲۴-۰۸-۱۷-۰۹-۲۱-۵۸-۹۵۳_com.android.chrome.jpg",
  "description": "",
  "imageViews": "0",
  "creationTime": {
    "timestamp": "1726527712",
    "formatted": "۲۶ شهریور ۱۴۰۳، ۲۳:۰۱:۵۲ (UTC)"
  },
  "photoTakenTime": {
    "timestamp": "1723873918",
    "formatted": "۲۷ مرداد ۱۴۰۳، ۵:۵۱:۵۸ (UTC)"
  },
  "geoData": {
    "latitude": 0.0,
    "longitude": 0.0,
    "altitude": 0.0,
    "latitudeSpan": 0.0,
    "longitudeSpan": 0.0
  },
  "geoDataExif": {
    "latitude": 0.0,
    "longitude": 0.0,
    "altitude": 0.0,
    "latitudeSpan": 0.0,
    "longitudeSpan": 0.0
  },
  "url": "https://photos.google.com/photo/AF1QipOkHBhNhBT9vAl6VRucMkwIU8dRlAIOCTeeHzUg",
  "googlePhotosOrigin": {
    "mobileUpload": {
      "deviceFolder": {
        "localFolderName": ""
      },
      "deviceType": "ANDROID_PHONE"
    }
  }
}