{
  "title": "Screenshot_۲۰۲۴-۰۸-۲۷-۰۳-۰۷-۴۲-۶۷۵_com.bitkeep.wallet.jpg",
  "description": "",
  "imageViews": "0",
  "creationTime": {
    "timestamp": "1726527800",
    "formatted": "۲۶ شهریور ۱۴۰۳، ۲۳:۰۳:۲۰ (UTC)"
  },
  "photoTakenTime": {
    "timestamp": "1724715462",
    "formatted": "۵ شهریور ۱۴۰۳، ۲۳:۳۷:۴۲ (UTC)"
  },
  "geoData": {
    "latitude": 0.0,
    "longitude": 0.0,
    "altitude": 0.0,
    "latitudeSpan": 0.0,
    "longitudeSpan": 0.0
  },
  "geoDataExif": {
    "latitude": 0.0,
    "longitude": 0.0,
    "altitude": 0.0,
    "latitudeSpan": 0.0,
    "longitudeSpan": 0.0
  },
  "url": "https://photos.google.com/photo/AF1QipN0N3uq7wV5HtcYayQeKlmK7YU4KVUCu53IFPdn",
  "googlePhotosOrigin": {
    "mobileUpload": {
      "deviceFolder": {
        "localFolderName": ""
      },
      "deviceType": "ANDROID_PHONE"
    }
  }
}