{
  "title": "Screenshot_۲۰۲۴-۰۹-۰۵-۱۵-۱۱-۵۰-۰۱۶_org.telegram.messenger.jpg",
  "description": "",
  "imageViews": "0",
  "creationTime": {
    "timestamp": "1726527839",
    "formatted": "۲۶ شهریور ۱۴۰۳، ۲۳:۰۳:۵۹ (UTC)"
  },
  "photoTakenTime": {
    "timestamp": "1725536510",
    "formatted": "۱۵ شهریور ۱۴۰۳، ۱۱:۴۱:۵۰ (UTC)"
  },
  "geoData": {
    "latitude": 0.0,
    "longitude": 0.0,
    "altitude": 0.0,
    "latitudeSpan": 0.0,
    "longitudeSpan": 0.0
  },
  "geoDataExif": {
    "latitude": 0.0,
    "longitude": 0.0,
    "altitude": 0.0,
    "latitudeSpan": 0.0,
    "longitudeSpan": 0.0
  },
  "url": "https://photos.google.com/photo/AF1QipNYVGAbcR0ktSddifjdO8oQ1kqft6G5lpZUrhTY",
  "googlePhotosOrigin": {
    "mobileUpload": {
      "deviceFolder": {
        "localFolderName": ""
      },
      "deviceType": "ANDROID_PHONE"
    }
  }
}