{
  "title": "share_1725445168154.png",
  "description": "",
  "imageViews": "0",
  "creationTime": {
    "timestamp": "1726527835",
    "formatted": "۲۶ شهریور ۱۴۰۳، ۲۳:۰۳:۵۵ (UTC)"
  },
  "photoTakenTime": {
    "timestamp": "1725445168",
    "formatted": "۱۴ شهریور ۱۴۰۳، ۱۰:۱۹:۲۸ (UTC)"
  },
  "geoData": {
    "latitude": 0.0,
    "longitude": 0.0,
    "altitude": 0.0,
    "latitudeSpan": 0.0,
    "longitudeSpan": 0.0
  },
  "geoDataExif": {
    "latitude": 0.0,
    "longitude": 0.0,
    "altitude": 0.0,
    "latitudeSpan": 0.0,
    "longitudeSpan": 0.0
  },
  "url": "https://photos.google.com/photo/AF1QipNFL7V21zmfrCbjI_Rfxkdt5g3zoNEu9PoF507L",
  "googlePhotosOrigin": {
    "mobileUpload": {
      "deviceFolder": {
        "localFolderName": ""
      },
      "deviceType": "ANDROID_PHONE"
    }
  }
}