{
  "title": "share_1725539588999.png",
  "description": "",
  "imageViews": "0",
  "creationTime": {
    "timestamp": "1726527839",
    "formatted": "۲۶ شهریور ۱۴۰۳، ۲۳:۰۳:۵۹ (UTC)"
  },
  "photoTakenTime": {
    "timestamp": "1725539589",
    "formatted": "۱۵ شهریور ۱۴۰۳، ۱۲:۳۳:۰۹ (UTC)"
  },
  "geoData": {
    "latitude": 0.0,
    "longitude": 0.0,
    "altitude": 0.0,
    "latitudeSpan": 0.0,
    "longitudeSpan": 0.0
  },
  "geoDataExif": {
    "latitude": 0.0,
    "longitude": 0.0,
    "altitude": 0.0,
    "latitudeSpan": 0.0,
    "longitudeSpan": 0.0
  },
  "url": "https://photos.google.com/photo/AF1QipP81RcttcM2ZdhGE3OYd2a1yU47GRf8L_znZRRh",
  "googlePhotosOrigin": {
    "mobileUpload": {
      "deviceFolder": {
        "localFolderName": ""
      },
      "deviceType": "ANDROID_PHONE"
    }
  }
}