{
  "title": "share_1725445477182.png",
  "description": "",
  "imageViews": "0",
  "creationTime": {
    "timestamp": "1726527835",
    "formatted": "۲۶ شهریور ۱۴۰۳، ۲۳:۰۳:۵۵ (UTC)"
  },
  "photoTakenTime": {
    "timestamp": "1725445477",
    "formatted": "۱۴ شهریور ۱۴۰۳، ۱۰:۲۴:۳۷ (UTC)"
  },
  "geoData": {
    "latitude": 0.0,
    "longitude": 0.0,
    "altitude": 0.0,
    "latitudeSpan": 0.0,
    "longitudeSpan": 0.0
  },
  "geoDataExif": {
    "latitude": 0.0,
    "longitude": 0.0,
    "altitude": 0.0,
    "latitudeSpan": 0.0,
    "longitudeSpan": 0.0
  },
  "url": "https://photos.google.com/photo/AF1QipMIRI75As2XS6fNIt18eXR1F-1IiN0gQTKPh-qE",
  "googlePhotosOrigin": {
    "mobileUpload": {
      "deviceFolder": {
        "localFolderName": ""
      },
      "deviceType": "ANDROID_PHONE"
    }
  }
}