{
    "Device Info": [
        {
            "sync_user_agent": "Chrome ANDROID-PHONE 127.0.6533.103 (9c8a05bee704dede97c4ac508a2ecda418c074d7-refs/branch-heads/6533@{#1914}) channel(stable)",
            "device_type": "TYPE_PHONE",
            "chrome_version_info": {"version_number": "127.0.6533.103"},
            "signin_scoped_device_id": "298e05d3-e365-4a4f-bf93-bc36bf291b9e",
            "manufacturer": "Xiaomi",
            "cache_guid": "9aaXhb2L/qqXc0XJvH1EEw==",
            "device_form_factor": "DEVICE_FORM_FACTOR_PHONE",
            "pulse_interval_in_minutes": 1440,
            "feature_fields": {"send_tab_to_self_receiving_enabled": true},
            "invalidation_fields": {
                        "instance_id_token": "egbAmbWzBk8:APA91bGzVhyqsyv6DQ-5LC9Pr3F_Von4b-SiRypF1Icn3Y1ahjtEaG5U36Iu-NseDS5e_XWQq2TbVZ8-dmXYyr3qIUD48YMsq2BpMS84F5WDcSlEKvLJ5bWLkWl7Z44UMMMc_9Vxwmvc",
                        "interested_data_type_ids": [
                                    32904,
                                    37702,
                                    63951,
                                    31729,
                                    306270,
                                    330441,
                                    774329,
                                    150251,
                                    154522,
                                    163425,
                                    411028,
                                    601980,
                                    1034378,
                                    47745
                        ]
            },
            "os_type": "OS_TYPE_ANDROID",
            "last_updated_timestamp": 1726504124344,
            "model": "211033MI",
            "client_name": "211033MI",
            "chrome_version": "127.0.6533.103"
}
    ]
}