{
    "Apps": [],
    "App Settings": [],
    "Preferences": [
        {
            "name": "translate_recent_target",
            "value": "\"fa\""
},
        {
            "name": "download.prompt_for_download_android",
            "value": "1"
},
        {
            "name": "translate_site_blocklist_with_time",
            "value": "{}"
},
        {
            "name": "translate_auto_always_count",
            "value": "{\"de\":1,\"en\":2,\"fr\":1,\"zh-CN\":1}"
},
        {
            "name": "translate_allowlists",
            "value": "{\"de\":\"fa\",\"fr\":\"fa\",\"zh-CN\":\"fa\"}"
},
        {
            "name": "translate_accepted_count",
            "value": "{\"bg\":3,\"da\":3,\"de\":0,\"en\":658,\"es\":2,\"fr\":0,\"hmn\":1,\"id\":2,\"ja\":1,\"ka\":1,\"ru\":5,\"uk\":2,\"und\":21,\"vi\":1,\"zh-CN\":0,\"zh-TW\":1}"
},
        {
            "name": "translate_denied_count_for_language",
            "value": "{\"bg\":0,\"da\":0,\"de\":0,\"en\":0,\"es\":0,\"fr\":0,\"hmn\":0,\"id\":0,\"ja\":0,\"ka\":0,\"ru\":0,\"uk\":0,\"und\":0,\"vi\":0,\"zh-CN\":0,\"zh-TW\":0}"
},
        {
            "name": "translate_blocked_languages",
            "value": "[\"fa\",\"uz\",\"ru\"]"
}
    ],
    "Priority Preferences": [
        {"preference": {
            "name": "sync.demographics",
            "value": "{\"gender\":1,\"birth_year\":1990}"
}},
        {"preference": {
            "name": "safebrowsing.aesb_update_time_windows_epoch_micros",
            "value": "\"13369217804556009\""
}}
    ],
    "Themes": [],
    "App Lists": [],
    "Web Apps": [],
    "Search Engines": []
}